-- phpMyAdmin SQL Dump
-- version 5.1.0
-- https://www.phpmyadmin.net/
--
-- Host: 127.0.0.1
-- Generation Time: Aug 09, 2021 at 02:05 AM
-- Server version: 10.4.18-MariaDB
-- PHP Version: 8.0.3

SET SQL_MODE = "NO_AUTO_VALUE_ON_ZERO";
START TRANSACTION;
SET time_zone = "+00:00";


/*!40101 SET @OLD_CHARACTER_SET_CLIENT=@@CHARACTER_SET_CLIENT */;
/*!40101 SET @OLD_CHARACTER_SET_RESULTS=@@CHARACTER_SET_RESULTS */;
/*!40101 SET @OLD_COLLATION_CONNECTION=@@COLLATION_CONNECTION */;
/*!40101 SET NAMES utf8mb4 */;

--
-- Database: `igraonica`
--
CREATE DATABASE IF NOT EXISTS `igraonica` DEFAULT CHARACTER SET utf8 COLLATE utf8_general_ci;
USE `igraonica`;

-- --------------------------------------------------------

--
-- Table structure for table `igra`
--

CREATE TABLE `igra` (
  `igrica_idigrica` int(11) NOT NULL,
  `igrac_idigrac` int(11) NOT NULL
) ENGINE=InnoDB DEFAULT CHARSET=utf8;

--
-- RELATIONSHIPS FOR TABLE `igra`:
--   `igrac_idigrac`
--       `igrac` -> `idigrac`
--   `igrica_idigrica`
--       `igrica` -> `idigrica`
--

-- --------------------------------------------------------

--
-- Table structure for table `igrac`
--

CREATE TABLE `igrac` (
  `idigrac` int(11) NOT NULL,
  `ime` varchar(45) NOT NULL,
  `prezime` varchar(45) NOT NULL,
  `redovnost` enum('Dnevni posjetilac','Sedmični posjetilac','Mjesečni posjetilac','Rijetko') NOT NULL
) ENGINE=InnoDB DEFAULT CHARSET=utf8;

--
-- RELATIONSHIPS FOR TABLE `igrac`:
--

-- --------------------------------------------------------

--
-- Table structure for table `igraonica`
--

CREATE TABLE `igraonica` (
  `reg_broj` int(11) NOT NULL,
  `broj_ispostave` int(11) NOT NULL,
  `naziv` varchar(45) NOT NULL,
  `adresa` varchar(100) NOT NULL,
  `vlasnik` varchar(45) NOT NULL,
  `telefon` varchar(45) NOT NULL,
  `mjesto_ptt` int(11) NOT NULL
) ENGINE=InnoDB DEFAULT CHARSET=utf8;

--
-- RELATIONSHIPS FOR TABLE `igraonica`:
--   `mjesto_ptt`
--       `mjesto` -> `ptt`
--

--
-- Dumping data for table `igraonica`
--

INSERT INTO `igraonica` (`reg_broj`, `broj_ispostave`, `naziv`, `adresa`, `vlasnik`, `telefon`, `mjesto_ptt`) VALUES
(151528092, 1, 'Game city ', 'Dučićeva BB', 'Aina Ičelić', '063/494-228', 73301),
(169182940, 1, 'Frendly fire', 'Crnjelovo BB', 'Ivan Petrović', '066 / 215-097', 76300),
(176485870, 2, 'Caffe cyber', 'Palih Boraca BB', 'Ana Momčilović', '066 / 111-438', 73240),
(205700778, 1, 'Game caffe 007', 'Rajlovačka 4', 'Dimitrije Lazić', '063/210-467', 71123),
(264616476, 2, 'All star ', 'Drinska BB', 'Filip Pavić', '066/222-244', 75420),
(352334133, 2, 'Matrix', 'Lamovita BB', 'Stefan Kosjerina', '066/771-096', 79101),
(352772045, 1, 'EsspressoLab', 'Vladimira Gačinovića BB', 'Dragan Milovanović', '065/236-791', 76300),
(388246784, 1, 'Dex', 'Moštanice BB', 'Dejan Petrović', '065 / 503-112', 75420),
(473920565, 1, 'Meeting point', '9. Januar 1 Dobrinja', 'Jovan Stević', '065/323-803', 71123),
(580000563, 1, 'Matrix', 'Orašje BB', 'Stefan Kosjerina', '066/771-096', 74101),
(585988724, 1, 'Kaffa', 'Karađorđeva BB', 'Milica Bojić', '065/237-795', 75400),
(597169265, 2, 'EsspressoLab', 'Bulevar Vojvode Stepe Stepanovića 161', 'Dragan Milovanović', '065/236-791', 78101),
(602268103, 1, 'Metropolis', 'Ugljevička Obrijež BB', 'Miomir Šarac', '066/772-447', 76330),
(616537866, 2, 'L side', 'Nikole Tešanovića 5 Dobrinja', 'Miroslav Stamenković', '065 / 970-650', 71123),
(649949451, 1, 'Mreža', 'Karakaj BB', 'Jovan Milošević', '065 / 838-347', 75400),
(776870164, 1, 'Anarchy', 'Popovo Polje BB', 'Goran Vidaković', '065 / 333-995', 76300),
(897063916, 1, 'All star ', 'Donje Police BB', 'Filip Pavić', '066/222-244', 89101),
(907399502, 1, 'L side', 'Dubovo BB', 'Miroslav Stamenković', '065 / 970-650', 73240),
(971027170, 3, 'All star ', 'Vuka Stefanovića Karadžića S2', 'Filip Pavić', '066/222-244', 75446),
(976984843, 1, 'Caffe cyber', 'Kapetana Leke 1', 'Mirjana Obradović', '065 / 661-098', 76330);

-- --------------------------------------------------------

--
-- Table structure for table `igrica`
--

CREATE TABLE `igrica` (
  `idigrica` int(11) NOT NULL,
  `naziv` varchar(100) NOT NULL,
  `slika` varchar(200) NOT NULL,
  `vrsta` varchar(45) NOT NULL,
  `igrivost` varchar(45) NOT NULL
) ENGINE=InnoDB DEFAULT CHARSET=utf8;

--
-- RELATIONSHIPS FOR TABLE `igrica`:
--

-- --------------------------------------------------------

--
-- Table structure for table `instalirano`
--

CREATE TABLE `instalirano` (
  `racunar_broj_racunara` int(11) NOT NULL,
  `igrica_idigrica` int(11) NOT NULL
) ENGINE=InnoDB DEFAULT CHARSET=utf8;

--
-- RELATIONSHIPS FOR TABLE `instalirano`:
--   `igrica_idigrica`
--       `igrica` -> `idigrica`
--   `racunar_broj_racunara`
--       `racunar` -> `broj_racunara`
--

-- --------------------------------------------------------

--
-- Table structure for table `komponenta`
--

CREATE TABLE `komponenta` (
  `idkomponenta` int(11) NOT NULL,
  `ime_proizvodjaca` varchar(45) NOT NULL,
  `tip_komponente` enum('Grafička kartica','Monitor','RAM','Hard disk','DVD-ROM','Matična ploča','Procesor') NOT NULL,
  `ime` varchar(45) DEFAULT NULL,
  `kolicina_memorije` varchar(45) DEFAULT NULL,
  `dimenzija` varchar(45) DEFAULT NULL,
  `tip` varchar(45) DEFAULT NULL,
  `kapacitet` varchar(45) DEFAULT NULL,
  `brzina_obrtaja` varchar(45) DEFAULT NULL,
  `brzina` varchar(45) DEFAULT NULL,
  `cipset` varchar(45) DEFAULT NULL,
  `frekvencija` varchar(45) DEFAULT NULL,
  `broj_jezgara` varchar(45) DEFAULT NULL,
  `racunar_idracunara` int(11) NOT NULL
) ENGINE=InnoDB DEFAULT CHARSET=utf8;

--
-- RELATIONSHIPS FOR TABLE `komponenta`:
--   `racunar_idracunara`
--       `racunar` -> `broj_racunara`
--

--
-- Dumping data for table `komponenta`
--

INSERT INTO `komponenta` (`idkomponenta`, `ime_proizvodjaca`, `tip_komponente`, `ime`, `kolicina_memorije`, `dimenzija`, `tip`, `kapacitet`, `brzina_obrtaja`, `brzina`, `cipset`, `frekvencija`, `broj_jezgara`, `racunar_idracunara`) VALUES
(472, 'Nvidia', 'Grafička kartica', 'Nvidia GeForce RTX 3060 Ti', '8GB GDDR6', '', '', '', '', '', '', '', '', 40526),
(638, 'MSI ', 'Monitor', '', '', '27', '', '', '', '', '', '', '', 87863),
(738, 'CrossLCD', 'Monitor', '', '', '32', '', '', '', '', '', '', '', 3935),
(835, 'MSI ', 'Monitor', '', '', '34', '', '', '', '', '', '', '', 81873),
(874, 'Nvidia', 'Grafička kartica', 'Intel UHD Graphics 630 (i7-10700K)', '2x8GB DDR4-3200', '', '', '', '', '', '', '', '', 59355),
(1037, 'Samsung', 'RAM', '', '', '', 'DDR3', '4', '', '', '', '', '', 2986),
(1041, 'Kingston', 'RAM', '', '', '', 'DDR2', '2', '', '', '', '', '', 52512),
(1159, 'Asus ', 'Monitor', '', '', '27', '', '', '', '', '', '', '', 97823),
(1184, 'AMD', 'Procesor', 'AMD Ryzen 5 5600X', '', '', '', '', '', '', '', '3.7', '6', 68309),
(1272, 'Intel', 'Procesor', 'Intel Core i7-11700K', '', '', '', '', '', '', '', '3.6', '8', 98605),
(1398, 'AMD ', 'Procesor', 'AMD Ryzen 5 2604', '', '', '', '', '', '', '', '3.4', '6', 32492),
(1408, 'AMD', 'Grafička kartica', 'AMD Radeon RX 6700 XT', '12GB GDDR6', '', '', '', '', '', '', '', '', 83107),
(1496, 'Intel ', 'Procesor', 'Intel Core i5-10600K', '', '', '', '', '', '', '', '4.1', '6', 48805),
(1544, 'Samsung', 'RAM', '', '', '', 'DDR2', '16', '', '', '', '', '', 77780),
(1664, 'Intel ', 'Procesor', 'Intel Core i7-7703', '', '', '', '', '', '', '', '3.6', '4', 67766),
(1744, 'Niexus', 'Monitor', '', '', '27', '', '', '', '', '', '', '', 15593),
(1786, 'AMD', 'Procesor', 'AMD Ryzen 5 5600X', '', '', '', '', '', '', '', '3.7', '6', 4944),
(1848, 'HP', 'DVD-ROM', '', '', '', '', '', '', '239', '', '', '', 77893),
(1921, 'AMD', 'Grafička kartica', 'AMD Radeon RX 6800 XT', '16GB GDDR6', '', '', '', '', '', '', '', '', 26177),
(1992, 'Seagate ', '', '', '', '', '', '14000', '10000', '', '', '', '', 21753),
(2015, 'Plextor', 'DVD-ROM', '', '', '', '', '', '', '199', '', '', '', 38807),
(2030, 'Asus', 'DVD-ROM', '', '', '', '', '', '', '160', '', '', '', 34207),
(2122, 'Nvidia', 'Grafička kartica', 'Nvidia GeForce GTX 1080 Ti', '11GB GDDR5X', '', '', '', '', '', '', '', '', 97520),
(2126, 'AMD ', 'Procesor', 'AMD Ryzen 3 3100', '', '', '', '', '', '', '', '3.8', '4', 48767),
(2208, 'MEGAZ', '', '', '', '', '', '3000', '7200', '', '', '', '', 52527),
(2404, 'AMD ', 'Procesor', 'AMD Ryzen 9 3950X', '', '', '', '', '', '', '', '3.5', '16', 95711),
(2481, 'EVM', 'RAM', '', '', '', 'DDR4', '16', '', '', '', '', '', 25504),
(2563, 'Intel', 'Procesor', 'Intel Core i9-11900K', '', '', '', '', '', '', '', '3.5', '8', 97088),
(2686, 'SK Hynix', 'RAM', '', '', '', 'DDR3', '4', '', '', '', '', '', 34207),
(2695, 'Asus ', 'Monitor', '', '', '27', '', '', '', '', '', '', '', 97088),
(2759, 'Adata', 'RAM', '', '', '', 'DDR4', '4', '', '', '', '', '', 30876),
(2934, 'Nvidia', 'Grafička kartica', 'Nvidia Titan V', '12GB HBM2', '', '', '', '', '', '', '', '', 92652),
(2992, 'Seagate ', '', '', '', '', '', '2000', '7200', '', '', '', '', 86211),
(3011, 'AMD', 'Grafička kartica', 'AMD Radeon RX 5700 XT', '8GB GDDR6', '', '', '', '', '', '', '', '', 65863),
(3017, 'Nvidia', 'Grafička kartica', 'Nvidia GeForce RTX 3080 Ti', '12GB GDDR6X', '', '', '', '', '', '', '', '', 95566),
(3028, 'Intel', 'Matična ploča', '', '', '', '', '', '', '', 'B460', '', '', 23347),
(3162, 'MSI ', 'Monitor', '', '', '27', '', '', '', '', '', '', '', 12458),
(3200, 'MEGAZ', '', '', '', '', '', '3000', '7200', '', '', '', '', 89415),
(3338, 'G.Skill', 'RAM', '', '', '', 'DDR2', '16', '', '', '', '', '', 58116),
(3346, 'Nvidia', 'Grafička kartica', 'Nvidia GeForce RTX 3080 Ti', '12GB GDDR6X', '', '', '', '', '', '', '', '', 95832),
(3391, 'Nvidia', 'Grafička kartica', 'Intel UHD Graphics 630 (i7-10700K)', '2x8GB DDR4-3200', '', '', '', '', '', '', '', '', 14682),
(3446, 'Intel ', 'Procesor', 'Intel Core i7-7800X', '', '', '', '', '', '', '', '3.5', '6', 54932),
(3741, 'AMD', 'Matična ploča', '', '', '', '', '', '', '', 'A300', '', '', 7056),
(3825, 'AMD', 'Grafička kartica', 'AMD Radeon RX 6700 XT', '12GB GDDR6', '', '', '', '', '', '', '', '', 84598),
(3826, 'Nvidia', 'Grafička kartica', 'Nvidia GeForce RTX 2060 Super', '8GB GDDR6', '', '', '', '', '', '', '', '', 60629),
(3936, 'Kingston', 'RAM', '', '', '', 'DDR4', '8', '', '', '', '', '', 19157),
(4222, 'Zoran', 'DVD-ROM', '', '', '', '', '', '', '161', '', '', '', 52527),
(4234, 'Toshiba ', '', '', '', '', '', '8000', '7200', '', '', '', '', 55899),
(4237, 'ViewSonic', 'Monitor', '', '', '24', '', '', '', '', '', '', '', 96426),
(4269, 'Gigabyte', 'Matična ploča', '', '', '', '', '', '', '', 'H570', '', '', 84475),
(4329, 'MaxDigitalData', '', '', '', '', '', '1000', '7200', '', '', '', '', 92624),
(4350, 'Gigabyte', 'Matična ploča', '', '', '', '', '', '', '', 'H570', '', '', 92426),
(4377, 'Kingston', 'RAM', '', '', '', 'DDR2', '2', '', '', '', '', '', 99345),
(4422, 'WP', '', '', '', '', '', '12000', '7200', '', '', '', '', 63348),
(4517, 'Nvidia', 'Grafička kartica', 'Nvidia GeForce RTX 3060 Ti', '8GB GDDR6', '', '', '', '', '', '', '', '', 84475),
(4582, 'AMD', 'Matična ploča', '', '', '', '', '', '', '', 'A300', '', '', 31651),
(4604, 'AMD', 'Matična ploča', '', '', '', '', '', '', '', 'X570', '', '', 86904),
(4612, 'Acer ', 'Monitor', '', '', '43', '', '', '', '', '', '', '', 12558),
(4983, 'G-Technology', '', '', '', '', '', '4000', '5400', '', '', '', '', 93624),
(5019, 'AMD', 'Matična ploča', '', '', '', '', '', '', '', 'B550', '', '', 74760),
(5031, 'Nvidia', 'Grafička kartica', 'Nvidia Titan V', '12GB HBM2', '', '', '', '', '', '', '', '', 79898),
(5462, 'Zion', 'RAM', '', '', '', 'DDR4', '4', '', '', '', '', '', 74760),
(5469, 'Stargate', '', '', '', '', '', '14000', '7200', '', '', '', '', 1523),
(5474, 'Stargate', '', '', '', '', '', '14000', '7200', '', '', '', '', 37646),
(5497, 'Intel ', 'Procesor', 'Intel Core i7-7700K', '', '', '', '', '', '', '', '4.2', '4', 35979),
(5513, 'SK Hynix', 'RAM', '', '', '', 'DDR2', '2', '', '', '', '', '', 69808),
(5537, 'AMD', 'Matična ploča', '', '', '', '', '', '', '', 'B450', '', '', 33975),
(5613, 'SK Hynix', 'RAM', '', '', '', 'DDR3', '4', '', '', '', '', '', 22852),
(5709, 'Nvidia', 'Grafička kartica', 'Nvidia Titan RTX', '24GB GDDR6', '', '', '', '', '', '', '', '', 23347),
(5843, 'A-DATA', 'RAM', '', '', '', 'DDR3', '8', '', '', '', '', '', 7056),
(5976, 'WD', '', '', '', '', '', '3000', '7200', '', '', '', '', 23347),
(6049, 'Golden Hawk', 'DVD-ROM', '', '', '', '', '', '', '162', '', '', '', 5733),
(6088, 'Kingston', 'RAM', '', '', '', 'DDR3', '8', '', '', '', '', '', 40670),
(6152, 'I/O Magic', 'DVD-ROM', '', '', '', '', '', '', '206', '', '', '', 40326),
(6292, 'AMD ', 'Procesor', 'AMD Ryzen 5 2600X', '', '', '', '', '', '', '', '3.6', '6', 64575),
(6308, 'ASRock', 'Matična ploča', '', '', '', '', '', '', '', 'A520', '', '', 15593),
(6368, 'HP', 'DVD-ROM', '', '', '', '', '', '', '239', '', '', '', 84598),
(6445, 'MEGAZ', '', '', '', '', '', '500', '5400', '', '', '', '', 28593),
(6657, 'MEGAZ', '', '', '', '', '', '3000', '7200', '', '', '', '', 75324),
(6666, 'Nvidia', 'Grafička kartica', 'Nvidia GeForce RTX 3070 Ti', '8GB GDDR6X', '', '', '', '', '', '', '', '', 6728),
(6794, 'Intel', 'Matična ploča', '', '', '', '', '', '', '', 'Z590', '', '', 52512),
(6826, 'SK Hynix', 'RAM', '', '', '', 'DDR2', '2', '', '', '', '', '', 26177),
(6884, 'G.Skill', 'RAM', '', '', '', 'DDR2', '16', '', '', '', '', '', 52887),
(6886, 'AMD', 'Matična ploča', '', '', '', '', '', '', '', 'X470', '', '', 60959),
(6992, 'CrossLCD', 'Monitor', '', '', '32', '', '', '', '', '', '', '', 66365),
(7020, 'AMD', 'Grafička kartica', 'AMD Radeon RX 5700', '8GB GDDR6', '', '', '', '', '', '', '', '', 66365),
(7093, 'LG', 'DVD-ROM', '', '', '', '', '', '', '160', '', '', '', 86211),
(7261, 'Samsung ', 'Monitor', '', '', '49', '', '', '', '', '', '', '', 18996),
(7313, 'Samsung', 'RAM', '', '', '', 'DDR2', '16', '', '', '', '', '', 92624),
(7354, 'OWC', '', '', '', '', '', '240', '5400', '', '', '', '', 93515),
(7419, 'Nvidia', 'Grafička kartica', 'Nvidia GeForce RTX 3060 12GB', '12GB GDDR7', '', '', '', '', '', '', '', '', 77350),
(7488, 'Toshiba ', '', '', '', '', '', '500', '5400', '', '', '', '', 60629),
(7521, 'Kingston', 'RAM', '', '', '', 'DDR2', '2', '', '', '', '', '', 17976),
(7642, 'AMD ', 'Procesor', 'AMD Ryzen 5 2600X', '', '', '', '', '', '', '', '3.6', '6', 44971),
(7732, 'MSI ', 'Monitor', '', '', '34', '', '', '', '', '', '', '', 47586),
(7757, 'HP', 'Monitor', '', '', '24', '', '', '', '', '', '', '', 27286),
(7844, 'Toshiba ', '', '', '', '', '', '4000', '7200', '', '', '', '', 22852),
(7956, 'Seagate ', '', '', '', '', '', '14000', '10000', '', '', '', '', 69808),
(7958, 'Kingston', 'RAM', '', '', '', 'DDR3', '4', '', '', '', '', '', 63670),
(7992, 'AMD', 'Matična ploča', '', '', '', '', '', '', '', 'X470', '', '', 42596),
(7994, 'Toshiba', 'DVD-ROM', '', '', '', '', '', '', '205', '', '', '', 32492),
(8061, 'Simmtronics', 'RAM', '', '', '', 'DDR3', '2', '', '', '', '', '', 83107),
(8161, 'Viotek', 'Monitor', '', '', '49', '', '', '', '', '', '', '', 24223),
(8214, 'Nvidia', 'Grafička kartica', 'Nvidia GeForce RTX 3060 Ti', '8GB GDDR6', '', '', '', '', '', '', '', '', 92426),
(8236, 'Asus', 'DVD-ROM', '', '', '', '', '', '', '160', '', '', '', 95832),
(8250, 'Toshiba ', '', '', '', '', '', '8000', '7200', '', '', '', '', 60959),
(8257, 'Sony', 'DVD-ROM', '', '', '', '', '', '', '161', '', '', '', 22581),
(8289, 'Seagate ', '', '', '', '', '', '500', '5400', '', '', '', '', 6728),
(8463, 'Yamaha', 'DVD-ROM', '', '', '', '', '', '', '210', '', '', '', 40670),
(8478, 'Zoran', 'DVD-ROM', '', '', '', '', '', '', '161', '', '', '', 14682),
(8541, 'Asus', 'Matična ploča', '', '', '', '', '', '', '', 'Z390', '', '', 66365),
(8589, 'A-DATA', 'RAM', '', '', '', 'DDR3', '8', '', '', '', '', '', 16632),
(8595, 'Intel ', 'Procesor', 'Intel Core i9-7900X', '', '', '', '', '', '', '', '3.3', '10', 49973),
(8695, 'Intel', 'Matična ploča', '', '', '', '', '', '', '', 'H370', '', '', 63348),
(8709, 'WP', '', '', '', '', '', '12000', '7200', '', '', '', '', 40290),
(8745, 'AMD', 'Grafička kartica', 'AMD Radeon RX 5600 XT', '6GB GDDR6', '', '', '', '', '', '', '', '', 92624),
(8751, 'Intel ', 'Procesor', 'Intel Core i7-7800X', '', '', '', '', '', '', '', '3.5', '6', 32872),
(8874, 'Kingston', 'RAM', '', '', '', 'DDR3', '8', '', '', '', '', '', 32872),
(8992, 'Intel', 'Matična ploča', '', '', '', '', '', '', '', 'Z490', '', '', 98605),
(9017, 'AMD ', 'Procesor', 'AMD Threadripper 1900X (GM)', '', '', '', '', '', '', '', '3.8', '8', 25959),
(9040, 'Intel ', 'Procesor', 'Intel Core i7-7800X', '', '', '', '', '', '', '', '3.5', '6', 25316),
(9168, 'AMD ', 'Procesor', 'AMD Ryzen 7 2700X', '', '', '', '', '', '', '', '3.7', '8', 40326),
(9237, 'Nvidia', 'Grafička kartica', 'Nvidia GeForce RTX 3090', '24GB GDDR6X', '', '', '', '', '', '', '', '', 11393),
(9384, 'Zion', 'RAM', '', '', '', 'DDR4', '4', '', '', '', '', '', 83348),
(9411, 'AMD ', 'Procesor', 'AMD Threadripper 2990WX (GM)', '', '', '', '', '', '', '', '3', '32', 10239),
(9601, 'WP', '', '', '', '', '', '12000', '7200', '', '', '', '', 83107),
(9723, 'Transcend', 'RAM', '', '', '', 'DDR3', '8', '', '', '', '', '', 40326),
(9732, 'Sony', 'DVD-ROM', '', '', '', '', '', '', '161', '', '', '', 50687),
(9860, 'Viotek', 'Monitor', '', '', '49', '', '', '', '', '', '', '', 52527),
(9896, 'AMD', 'Matična ploča', '', '', '', '', '', '', '', 'A520', '', '', 6312),
(10025, 'Kanguru', 'DVD-ROM', '', '', '', '', '', '', '181', '', '', '', 86904),
(10098, 'AMD', 'Grafička kartica', 'AMD Radeon RX 6900 XT', '16GB GDDR6', '', '', '', '', '', '', '', '', 93207),
(10214, 'Intel', 'Matična ploča', '', '', '', '', '', '', '', 'B460', '', '', 35812),
(10231, 'Intel', 'Matična ploča', '', '', '', '', '', '', '', 'H510', '', '', 20665),
(10251, 'LG', 'DVD-ROM', '', '', '', '', '', '', '160', '', '', '', 63545),
(10354, 'Zoran', 'DVD-ROM', '', '', '', '', '', '', '161', '', '', '', 59355),
(10390, 'AMD', 'Procesor', 'AMD Ryzen 5 5600X', '', '', '', '', '', '', '', '3.7', '6', 26177),
(10532, 'Stargate', '', '', '', '', '', '14000', '7200', '', '', '', '', 63999),
(10587, 'AMD', 'Procesor', 'AMD Ryzen 7 5800X', '', '', '', '', '', '', '', '3.8', '8', 75258),
(10772, 'Asus ', 'Monitor', '', '', '27', '', '', '', '', '', '', '', 37646),
(10783, 'LITE-ON', 'DVD-ROM', '', '', '', '', '', '', '139', '', '', '', 68627),
(10830, 'SK Hynix', 'RAM', '', '', '', 'DDR3', '4', '', '', '', '', '', 97088),
(10859, 'SK Hynix', 'RAM', '', '', '', 'DDR2', '2', '', '', '', '', '', 18996),
(10962, 'Asus', 'DVD-ROM', '', '', '', '', '', '', '160', '', '', '', 51955),
(10994, 'Nvidia', 'Grafička kartica', 'Nvidia GeForce RTX 3080 Ti', '12GB GDDR6X', '', '', '', '', '', '', '', '', 97088),
(11074, 'Seagate ', '', '', '', '', '', '1000', '7200', '', '', '', '', 33210),
(11252, 'Intel', 'Matična ploča', '', '', '', '', '', '', '', 'B365', '', '', 89415),
(11444, 'MSI', 'Matična ploča', '', '', '', '', '', '', '', 'X570', '', '', 67766),
(11445, 'AMD', 'Grafička kartica', 'AMD Radeon RX 6900 XT', '16GB GDDR6', '', '', '', '', '', '', '', '', 96030),
(11484, 'MSI ', 'Monitor', '', '', '34', '', '', '', '', '', '', '', 65863),
(11670, 'G.Skill', 'RAM', '', '', '', 'DDR2', '16', '', '', '', '', '', 81873),
(11762, 'GoldStar', 'DVD-ROM', '', '', '', '', '', '', '163', '', '', '', 95711),
(11858, 'MEGAZ', '', '', '', '', '', '500', '5400', '', '', '', '', 92652),
(11874, 'Intel', 'Matična ploča', '', '', '', '', '', '', '', 'H370', '', '', 84598),
(11974, 'LG UltraGear', 'Monitor', '', '', '38', '', '', '', '', '', '', '', 79898),
(12012, 'LG ', 'Monitor', '', '', '24', '', '', '', '', '', '', '', 48805),
(12031, 'HITACHI', '', '', '', '', '', '120', '7200', '', '', '', '', 95889),
(12109, 'Creative', 'DVD-ROM', '', '', '', '', '', '', '234', '', '', '', 77534),
(12234, 'Intel', 'Procesor', 'Intel W-3175X', '', '', '', '', '', '', '', '3.1', '28', 97132),
(12312, 'LG UltraGear', 'Monitor', '', '', '38', '', '', '', '', '', '', '', 30876),
(12322, 'Intel ', 'Procesor', 'Intel Core i7-7800X', '', '', '', '', '', '', '', '3.5', '6', 40670),
(12343, 'Intel ', 'Procesor', 'Intel Core i7-7800X', '', '', '', '', '', '', '', '3.5', '6', 41463),
(12438, 'EVM', 'RAM', '', '', '', 'DDR4', '16', '', '', '', '', '', 14682),
(12458, 'AMD ', 'Procesor', 'AMD Ryzen 9 5900X', '', '', '', '', '', '', '', '3.7', '12', 7922),
(12460, 'Intel ', 'Procesor', 'Intel Core i5-7600K', '', '', '', '', '', '', '', '3.8', '4', 89415),
(12499, 'AMD', 'Grafička kartica', 'AMD Radeon VII', '16GB HBM2', '', '', '', '', '', '', '', '', 42596),
(12682, 'Nvidia', 'Grafička kartica', 'Nvidia Titan Xp', '12GB GDDR5X', '', '', '', '', '', '', '', '', 21753),
(12695, 'Transcend', 'RAM', '', '', '', 'DDR3', '8', '', '', '', '', '', 92426),
(12793, 'Nvidia', 'Grafička kartica', 'Nvidia GeForce RTX 3060 Ti', '8GB GDDR6', '', '', '', '', '', '', '', '', 80862),
(12802, 'Acer ', 'Monitor', '', '', '34', '', '', '', '', '', '', '', 46657),
(12872, 'AMD', 'Matična ploča', '', '', '', '', '', '', '', 'TRX40', '', '', 41459),
(13093, 'Nvidia', 'Grafička kartica', 'Nvidia Titan V', '12GB HBM2', '', '', '', '', '', '', '', '', 84809),
(13171, 'MaxDigitalData', '', '', '', '', '', '8000', '7200', '', '', '', '', 64575),
(13198, 'Gigabyte', 'Matična ploča', '', '', '', '', '', '', '', 'Z390', '', '', 623),
(13205, 'InterVideo', 'DVD-ROM', '', '', '', '', '', '', '182', '', '', '', 86728),
(13242, 'ASRock', 'Matična ploča', '', '', '', '', '', '', '', 'A520', '', '', 25316),
(13343, 'Toshiba ', '', '', '', '', '', '8000', '7200', '', '', '', '', 42596),
(13377, 'LG Electronics', 'DVD-ROM', '', '', '', '', '', '', '233', '', '', '', 21753),
(13534, 'AMD', 'Matična ploča', '', '', '', '', '', '', '', 'A520', '', '', 96950),
(13561, 'Kingston', 'RAM', '', '', '', 'DDR2', '2', '', '', '', '', '', 63545),
(13563, 'MEGAZ', '', '', '', '', '', '3000', '7200', '', '', '', '', 30559),
(13584, 'Intel ', 'Procesor', 'Intel Core i7-7820X', '', '', '', '', '', '', '', '3.6', '8', 75287),
(13969, 'Simmtronics', 'RAM', '', '', '', 'DDR3', '2', '', '', '', '', '', 71159),
(13984, 'Seagate ', '', '', '', '', '', '6000', '7200', '', '', '', '', 58673),
(14033, 'Nvidia', 'Grafička kartica', 'Nvidia GeForce RTX 3080 Ti', '12GB GDDR6X', '', '', '', '', '', '', '', '', 51955),
(14119, 'AMD ', 'Procesor', 'AMD Threadripper 2990WX (GM)', '', '', '', '', '', '', '', '3', '32', 42382),
(14216, 'Toshiba ', '', '', '', '', '', '8000', '7200', '', '', '', '', 35979),
(14235, 'Intel ', 'Procesor', 'Intel Core i7-7701', '', '', '', '', '', '', '', '3.6', '4', 75324),
(14282, 'Toshiba ', '', '', '', '', '', '4000', '7200', '', '', '', '', 87348),
(14392, 'Nvidia', 'Grafička kartica', 'Intel UHD Graphics 630 (i7-10700K)', '2x8GB DDR4-3200', '', '', '', '', '', '', '', '', 89415),
(14520, 'Intel', 'Matična ploča', '', '', '', '', '', '', '', 'Z590', '', '', 7922),
(14564, 'Intel', 'Matična ploča', '', '', '', '', '', '', '', 'Z370', '', '', 37646),
(14601, 'Nvidia', 'Grafička kartica', 'Nvidia GeForce RTX 3090', '24GB GDDR6X', '', '', '', '', '', '', '', '', 24660),
(14712, 'AMD', 'Grafička kartica', 'AMD Radeon RX 5700 XT', '8GB GDDR6', '', '', '', '', '', '', '', '', 58116),
(14792, 'G.Skill', 'RAM', '', '', '', 'DDR2', '16', '', '', '', '', '', 33975),
(14877, 'Seagate ', '', '', '', '', '', '500', '5400', '', '', '', '', 48460),
(14882, 'OWC', '', '', '', '', '', '240', '5400', '', '', '', '', 35688),
(14899, 'ASRock', 'Matična ploča', '', '', '', '', '', '', '', 'A520', '', '', 73959),
(15218, 'Acer ', 'Monitor', '', '', '34', '', '', '', '', '', '', '', 84598),
(15444, 'AMD ', 'Procesor', 'AMD Ryzen 7 2700X', '', '', '', '', '', '', '', '3.7', '8', 87431),
(15487, 'MaxDigitalData', '', '', '', '', '', '1000', '7200', '', '', '', '', 77780),
(15528, 'Adata', 'RAM', '', '', '', 'DDR4', '4', '', '', '', '', '', 86728),
(15549, 'Intel ', 'Procesor', 'Intel Core i7-7800X', '', '', '', '', '', '', '', '3.5', '6', 73959),
(15613, 'MSI ', 'Monitor', '', '', '34', '', '', '', '', '', '', '', 52887),
(15730, 'HP', 'Monitor', '', '', '24', '', '', '', '', '', '', '', 60629),
(15789, 'AMD ', 'Procesor', 'AMD Ryzen 7 2700X', '', '', '', '', '', '', '', '3.7', '8', 40526),
(15809, 'Intel', 'Matična ploča', '', '', '', '', '', '', '', 'H470', '', '', 58673),
(15818, 'EVM', 'RAM', '', '', '', 'DDR3', '4', '', '', '', '', '', 69265),
(15837, 'AMD', 'Grafička kartica', 'AMD Radeon RX 6800 XT', '16GB GDDR6', '', '', '', '', '', '', '', '', 68309),
(15838, 'Asus', 'DVD-ROM', '', '', '', '', '', '', '160', '', '', '', 72689),
(16026, 'Addonics', 'DVD-ROM', '', '', '', '', '', '', '199', '', '', '', 21709),
(16028, 'Adaptec', 'DVD-ROM', '', '', '', '', '', '', '241', '', '', '', 20665),
(16032, 'Intel', 'Procesor', 'Intel Core i9-11900K', '', '', '', '', '', '', '', '3.5', '8', 50657),
(16055, 'Intel', 'Matična ploča', '', '', '', '', '', '', '', 'B360', '', '', 92652),
(16156, 'Nvidia', 'Grafička kartica', 'Nvidia GeForce RTX 3080', '10GB GDDR6X', '', '', '', '', '', '', '', '', 65614),
(16247, 'Toshiba ', '', '', '', '', '', '6000', '7200', '', '', '', '', 61733),
(16273, 'Iiyama', 'Monitor', '', '', '34', '', '', '', '', '', '', '', 30559),
(16340, 'Asus', 'Matična ploča', '', '', '', '', '', '', '', 'B550', '', '', 72596),
(16426, 'Intel ', 'Procesor', 'Intel Core i5-10600K', '', '', '', '', '', '', '', '4.1', '6', 37694),
(16436, 'Intel ', 'Procesor', 'Intel Core i9-7980XE', '', '', '', '', '', '', '', '2.6', '18', 46622),
(16567, 'Nvidia', 'Grafička kartica', 'Nvidia GeForce RTX 3070 Ti', '8GB GDDR6X', '', '', '', '', '', '', '', '', 52370),
(16700, 'Intel', 'Matična ploča', '', '', '', '', '', '', '', 'H410', '', '', 30650),
(16713, 'Samsung ', 'Monitor', '', '', '49', '', '', '', '', '', '', '', 49973),
(16740, 'HP', 'RAM', '', '', '', 'DDR3', '4', '', '', '', '', '', 22581),
(16872, 'Creative', 'DVD-ROM', '', '', '', '', '', '', '234', '', '', '', 35812),
(16941, 'Seagate ', '', '', '', '', '', '500', '5400', '', '', '', '', 30650),
(16954, 'Alienware', 'Monitor', '', '', '55', '', '', '', '', '', '', '', 68309),
(17069, 'Corsair', 'RAM', '', '', '', 'DDR3', '8', '', '', '', '', '', 86904),
(17198, 'Corsair', 'RAM', '', '', '', 'DDR3', '8', '', '', '', '', '', 17143),
(17201, 'AMD ', 'Procesor', 'AMD Ryzen 9 5900X', '', '', '', '', '', '', '', '3.7', '12', 20982),
(17250, 'Stargate', '', '', '', '', '', '14000', '7200', '', '', '', '', 35317),
(17260, 'Adata', 'RAM', '', '', '', 'DDR4', '4', '', '', '', '', '', 79898),
(17284, 'Intel', 'Matična ploča', '', '', '', '', '', '', '', 'B460', '', '', 48805),
(17360, 'Intel ', 'Procesor', 'Intel Core i3-10103', '', '', '', '', '', '', '', '3.6', '4', 63348),
(17390, 'AMD', 'Matična ploča', '', '', '', '', '', '', '', 'A520', '', '', 48303),
(17534, 'AMD ', 'Procesor', 'AMD Ryzen 9 3950X', '', '', '', '', '', '', '', '3.5', '16', 93195),
(17560, 'Intel ', 'Procesor', 'Intel Core i5-10600K', '', '', '', '', '', '', '', '4.1', '6', 52351),
(17624, 'Yamaha', 'DVD-ROM', '', '', '', '', '', '', '210', '', '', '', 15593),
(17688, 'Asus', 'Matična ploča', '', '', '', '', '', '', '', 'B550', '', '', 97520),
(17750, 'Asus ', 'Monitor', '', '', '43', '', '', '', '', '', '', '', 63670),
(17765, 'Intel', 'Matična ploča', '', '', '', '', '', '', '', 'B365', '', '', 25409),
(17819, 'Transcend', 'RAM', '', '', '', 'DDR3', '4', '', '', '', '', '', 60959),
(17829, 'Panasonic', 'DVD-ROM', '', '', '', '', '', '', '164', '', '', '', 83348),
(17919, 'AMD ', 'Procesor', 'AMD Threadripper 2990WX (GM)', '', '', '', '', '', '', '', '3', '32', 83348),
(18061, 'Seagate ', '', '', '', '', '', '6000', '7200', '', '', '', '', 97132),
(18090, 'Sanyo', 'DVD-ROM', '', '', '', '', '', '', '225', '', '', '', 7056),
(18167, 'Seagate ', '', '', '', '', '', '2000', '7200', '', '', '', '', 20982),
(18212, 'Intel', 'Procesor', 'Intel Core i7-11700K', '', '', '', '', '', '', '', '3.6', '8', 65614),
(18298, 'Pioneer', 'DVD-ROM', '', '', '', '', '', '', '201', '', '', '', 58116),
(18305, 'Dell ', 'Monitor', '', '', '27', '', '', '', '', '', '', '', 98605),
(18356, 'Seagate ', '', '', '', '', '', '2000', '7200', '', '', '', '', 7922),
(18435, 'Simmtronics', 'RAM', '', '', '', 'DDR3', '2', '', '', '', '', '', 84809),
(18501, 'Intel', 'Matična ploča', '', '', '', '', '', '', '', 'H370', '', '', 99694),
(18533, 'Gigabyte', 'Matična ploča', '', '', '', '', '', '', '', 'Z390', '', '', 95832),
(18551, 'Intel', 'Procesor', 'Intel Core i9-11900K', '', '', '', '', '', '', '', '3.5', '8', 87348),
(18563, 'Asus', 'Matična ploča', '', '', '', '', '', '', '', 'Z390', '', '', 32484),
(18685, 'LG Electronics', 'DVD-ROM', '', '', '', '', '', '', '233', '', '', '', 49973),
(18711, 'Intel ', 'Procesor', 'Intel Core i5-10600K', '', '', '', '', '', '', '', '4.1', '6', 34616),
(18923, 'Intel', 'Matična ploča', '', '', '', '', '', '', '', 'Z590', '', '', 63545),
(18947, 'Niexus', 'Monitor', '', '', '27', '', '', '', '', '', '', '', 41463),
(19133, 'Nvidia', 'Grafička kartica', 'Nvidia GeForce RTX 3080 Ti', '12GB GDDR6X', '', '', '', '', '', '', '', '', 50657),
(19356, 'Nvidia', 'Grafička kartica', 'Nvidia Titan RTX', '24GB GDDR6', '', '', '', '', '', '', '', '', 7314),
(19370, 'Intel ', 'Procesor', 'Intel Core i3-10100', '', '', '', '', '', '', '', '3.6', '4', 40290),
(19458, 'Nvidia', 'Grafička kartica', 'Intel UHD Graphics 630 (i7-10700K)', '2x8GB DDR4-3200', '', '', '', '', '', '', '', '', 25409),
(19488, 'Sigma Designs', 'DVD-ROM', '', '', '', '', '', '', '235', '', '', '', 3935),
(19554, 'I/O Magic', 'DVD-ROM', '', '', '', '', '', '', '206', '', '', '', 80862),
(19604, 'Creative', 'DVD-ROM', '', '', '', '', '', '', '234', '', '', '', 51498),
(19705, 'WP', '', '', '', '', '', '6000', '7200', '', '', '', '', 3935),
(19727, 'AMD', 'Grafička kartica', 'AMD Radeon RX 6800 XT', '16GB GDDR6', '', '', '', '', '', '', '', '', 20665),
(19834, 'Nvidia', 'Grafička kartica', 'Nvidia GeForce RTX 3080 Ti', '12GB GDDR6X', '', '', '', '', '', '', '', '', 623),
(19871, 'Simmtronics', 'RAM', '', '', '', 'DDR3', '2', '', '', '', '', '', 84598),
(19902, 'LG ', 'Monitor', '', '', '24', '', '', '', '', '', '', '', 26767),
(19931, 'Transcend', 'RAM', '', '', '', 'DDR3', '4', '', '', '', '', '', 42596),
(19978, 'Intel', 'Matična ploča', '', '', '', '', '', '', '', 'B460', '', '', 77534),
(19981, 'I/O Magic', 'DVD-ROM', '', '', '', '', '', '', '206', '', '', '', 92426),
(20005, 'MaxDigitalData', '', '', '', '', '', '8000', '7200', '', '', '', '', 96950),
(20035, 'Nvidia', 'Grafička kartica', 'Nvidia GeForce RTX 3070 Ti', '8GB GDDR6X', '', '', '', '', '', '', '', '', 48460),
(20270, 'Iiyama', 'Monitor', '', '', '34', '', '', '', '', '', '', '', 63790),
(20427, 'Gigabyte', 'Matična ploča', '', '', '', '', '', '', '', 'Z390', '', '', 34925),
(20487, 'ViewSonic', 'Monitor', '', '', '27', '', '', '', '', '', '', '', 97113),
(20575, 'AMD ', 'Procesor', 'AMD Threadripper 2970WX', '', '', '', '', '', '', '', '3', '24', 31651),
(20592, 'Samsung', 'RAM', '', '', '', 'DDR4', '2', '', '', '', '', '', 7314),
(20691, 'Toshiba ', '', '', '', '', '', '4000', '7200', '', '', '', '', 78046),
(20791, 'Nvidia', 'Grafička kartica', 'Nvidia GeForce RTX 2080 Super', '8GB GDDR6', '', '', '', '', '', '', '', '', 48767),
(20846, 'Nvidia', 'Grafička kartica', 'Nvidia GeForce RTX 2080 Ti', '11GB GDDR6', '', '', '', '', '', '', '', '', 93195),
(20875, 'MEGAZ', '', '', '', '', '', '3000', '7200', '', '', '', '', 42243),
(20897, 'AMD', 'Grafička kartica', 'AMD Radeon VII', '16GB HBM2', '', '', '', '', '', '', '', '', 60959),
(20915, 'Razer', 'Monitor', '', '', '27', '', '', '', '', '', '', '', 79150),
(20970, 'G-Technology', '', '', '', '', '', '4000', '5400', '', '', '', '', 60312),
(20998, 'Intel', 'Matična ploča', '', '', '', '', '', '', '', 'B460', '', '', 34616),
(21046, 'Intel ', 'Procesor', 'Intel Core i7-7704', '', '', '', '', '', '', '', '3.6', '4', 69265),
(21119, 'LITE-ON', 'DVD-ROM', '', '', '', '', '', '', '240', '', '', '', 6312),
(21270, 'Yamaha', 'DVD-ROM', '', '', '', '', '', '', '210', '', '', '', 67591),
(21341, 'Intel', 'Matična ploča', '', '', '', '', '', '', '', 'B460', '', '', 37694),
(21392, 'Nvidia', 'Grafička kartica', 'Nvidia GeForce GTX 1080', '8GB GDDR5X', '', '', '', '', '', '', '', '', 54932),
(21420, 'Intel', 'Matična ploča', '', '', '', '', '', '', '', 'H510', '', '', 42399),
(21436, 'Intel ', 'Procesor', 'Intel Core i7-7702', '', '', '', '', '', '', '', '3.6', '4', 63790),
(21491, 'Dell ', 'Monitor', '', '', '27', '', '', '', '', '', '', '', 33210),
(21551, 'AMD', 'Grafička kartica', 'AMD Radeon RX Vega 64', '8GB HBM2', '', '', '', '', '', '', '', '', 69265),
(21598, 'Niexus', 'Monitor', '', '', '27', '', '', '', '', '', '', '', 25316),
(21622, 'Stargate', '', '', '', '', '', '14000', '7200', '', '', '', '', 5733),
(21632, 'Nvidia', 'Grafička kartica', 'Intel UHD Graphics 630 (i7-10700K)', '2x8GB DDR4-3200', '', '', '', '', '', '', '', '', 52527),
(21720, 'AMD ', 'Procesor', 'AMD Threadripper 2950X (GM)', '', '', '', '', '', '', '', '3.5', '16', 47320),
(21722, 'Nvidia', 'Grafička kartica', 'Nvidia GeForce RTX 3070 Ti', '8GB GDDR6X', '', '', '', '', '', '', '', '', 87863),
(21776, 'AMD', 'Grafička kartica', 'AMD Radeon RX 5600 XT', '6GB GDDR6', '', '', '', '', '', '', '', '', 86038),
(21847, 'Nvidia', 'Grafička kartica', 'Nvidia GeForce RTX 2070 Super', '8GB GDDR6', '', '', '', '', '', '', '', '', 44971),
(21952, 'Acer ', 'Monitor', '', '', '34', '', '', '', '', '', '', '', 63348),
(22070, 'Nvidia', 'Grafička kartica', 'Nvidia Titan V', '12GB HBM2', '', '', '', '', '', '', '', '', 30876),
(22078, 'Intel ', 'Procesor', 'Intel Core i7-7820X', '', '', '', '', '', '', '', '3.6', '8', 47586),
(22130, 'Pioneer', 'DVD-ROM', '', '', '', '', '', '', '201', '', '', '', 81873),
(22152, 'AMD ', 'Procesor', 'AMD Ryzen 7 2700X', '', '', '', '', '', '', '', '3.7', '8', 56034),
(22201, 'AMD', 'Matična ploča', '', '', '', '', '', '', '', 'X300', '', '', 2986),
(22227, 'Kingston', 'RAM', '', '', '', 'DDR2', '2', '', '', '', '', '', 7922),
(22262, 'Intel', 'Procesor', 'Intel Core i9-11900K', '', '', '', '', '', '', '', '3.5', '8', 97823),
(22270, 'Toshiba ', '', '', '', '', '', '6000', '7200', '', '', '', '', 17143),
(22452, 'HITACHI', '', '', '', '', '', '120', '7200', '', '', '', '', 84781),
(22471, 'Razer', 'Monitor', '', '', '27', '', '', '', '', '', '', '', 24660),
(22514, 'HITACHI', '', '', '', '', '', '120', '7200', '', '', '', '', 58116),
(22540, 'SK Hynix', 'RAM', '', '', '', 'DDR2', '2', '', '', '', '', '', 49973),
(22654, 'Intel ', 'Procesor', 'Intel Core i7-7820X', '', '', '', '', '', '', '', '3.6', '8', 14521),
(22742, 'Nvidia', 'Grafička kartica', 'Nvidia GeForce RTX 2080 Super', '8GB GDDR6', '', '', '', '', '', '', '', '', 41459),
(22861, 'Seagate ', '', '', '', '', '', '500', '5400', '', '', '', '', 37046),
(22948, 'I/O Magic', 'DVD-ROM', '', '', '', '', '', '', '206', '', '', '', 84475),
(22981, 'Intel', 'Matična ploča', '', '', '', '', '', '', '', 'Z490', '', '', 65614),
(23014, 'Intel ', 'Procesor', 'Intel Core i7-7700K', '', '', '', '', '', '', '', '4.2', '4', 55899),
(23056, 'Nvidia', 'Grafička kartica', 'Nvidia GeForce RTX 3060 12GB', '12GB GDDR8', '', '', '', '', '', '', '', '', 47320),
(23193, 'AMD ', 'Procesor', 'AMD Threadripper 1900X (GM)', '', '', '', '', '', '', '', '3.8', '8', 50687),
(23218, 'Nvidia', 'Grafička kartica', 'Nvidia GeForce GTX 1080 Ti', '11GB GDDR5X', '', '', '', '', '', '', '', '', 35688),
(23281, 'Seagate ', '', '', '', '', '', '2000', '7200', '', '', '', '', 84062),
(23294, 'Corsair', 'RAM', '', '', '', 'DDR3', '8', '', '', '', '', '', 61733),
(23385, 'Toshiba ', '', '', '', '', '', '500', '5400', '', '', '', '', 50687),
(23457, 'Adata', 'RAM', '', '', '', 'DDR4', '2', '', '', '', '', '', 1523),
(23467, 'Intel ', 'Procesor', 'Intel Core i5-7600K', '', '', '', '', '', '', '', '3.8', '4', 24223),
(23493, 'Golden Hawk', 'DVD-ROM', '', '', '', '', '', '', '162', '', '', '', 37646),
(23625, 'Samsung', 'RAM', '', '', '', 'DDR4', '2', '', '', '', '', '', 37694),
(23673, 'Nvidia', 'Grafička kartica', 'Nvidia GeForce RTX 3060 Ti', '8GB GDDR6', '', '', '', '', '', '', '', '', 96426),
(23728, 'Nvidia', 'Grafička kartica', 'Nvidia GeForce GTX 1080 Ti', '11GB GDDR5X', '', '', '', '', '', '', '', '', 23489),
(23737, 'ViewSonic', 'Monitor', '', '', '24', '', '', '', '', '', '', '', 87431),
(23764, 'WD', '', '', '', '', '', '3000', '7200', '', '', '', '', 34616),
(23807, 'Asus ', 'Monitor', '', '', '27', '', '', '', '', '', '', '', 95832),
(23823, 'Nvidia', 'Grafička kartica', 'Nvidia GeForce RTX 3080 Ti', '12GB GDDR6X', '', '', '', '', '', '', '', '', 72689),
(23838, 'Gigabyte', 'Matična ploča', '', '', '', '', '', '', '', 'Z390', '', '', 80761),
(24051, 'Razer', 'Monitor', '', '', '27', '', '', '', '', '', '', '', 20982),
(24053, 'Intel', 'Matična ploča', '', '', '', '', '', '', '', 'B360', '', '', 28593),
(24102, 'Margi', 'DVD-ROM', '', '', '', '', '', '', '190', '', '', '', 60959),
(24115, 'Asus ', 'Monitor', '', '', '27', '', '', '', '', '', '', '', 95566),
(24131, 'Toshiba ', '', '', '', '', '', '4000', '7200', '', '', '', '', 50657),
(24139, 'AMD ', 'Procesor', 'AMD Ryzen 7 4750G*', '', '', '', '', '', '', '', '3.8', '8', 92652),
(24281, 'LG', 'Monitor', '', '', '24', '', '', '', '', '', '', '', 7314),
(24450, 'Intel ', 'Procesor', 'Intel Core i7-7820X', '', '', '', '', '', '', '', '3.6', '8', 65863),
(24504, 'Seagate ', '', '', '', '', '', '2000', '7200', '', '', '', '', 17976),
(24518, 'Stargate', '', '', '', '', '', '1000', '5400', '', '', '', '', 85417),
(24529, 'AMD ', 'Procesor', 'AMD Ryzen 3 3102', '', '', '', '', '', '', '', '3.8', '4', 41459),
(24531, 'Simmtronics', 'RAM', '', '', '', 'DDR3', '2', '', '', '', '', '', 60547),
(24564, 'Seagate ', '', '', '', '', '', '500', '5400', '', '', '', '', 71366),
(24651, 'Acer ', 'Monitor', '', '', '34', '', '', '', '', '', '', '', 71159),
(24716, 'Toshiba ', '', '', '', '', '', '10000', '7200', '', '', '', '', 22958),
(24718, 'ViewSonic', 'Monitor', '', '', '27', '', '', '', '', '', '', '', 68627),
(24778, 'Samsung ', 'Monitor', '', '', '32', '', '', '', '', '', '', '', 38312),
(24904, 'Yamaha', 'DVD-ROM', '', '', '', '', '', '', '210', '', '', '', 37046),
(25234, 'AMD ', 'Procesor', 'AMD Ryzen 7 5700G*', '', '', '', '', '', '', '', '3.8', '38', 88497),
(25252, 'Intel', 'Procesor', 'Intel Core i9-11900K', '', '', '', '', '', '', '', '3.5', '8', 8301),
(25290, 'Porsche ', 'Monitor', '', '', '27', '', '', '', '', '', '', '', 97520),
(25353, 'BenQ ', 'Monitor', '', '', '32', '', '', '', '', '', '', '', 55899),
(25368, 'AMD', 'Procesor', 'AMD Ryzen 5 5600X', '', '', '', '', '', '', '', '3.7', '6', 42399),
(25635, 'Intel', 'Matična ploča', '', '', '', '', '', '', '', 'B560', '', '', 93207),
(25672, 'AMD', 'Matična ploča', '', '', '', '', '', '', '', 'X570', '', '', 61733),
(25771, 'Nvidia', 'Grafička kartica', 'Nvidia GeForce GTX 1080 Ti', '11GB GDDR5X', '', '', '', '', '', '', '', '', 72596),
(25783, 'Seagate ', '', '', '', '', '', '500', '5400', '', '', '', '', 67591),
(25889, 'HP', 'DVD-ROM', '', '', '', '', '', '', '239', '', '', '', 40290),
(25898, 'Acer ', 'Monitor', '', '', '34', '', '', '', '', '', '', '', 40290),
(25938, 'BenQ', 'DVD-ROM', '', '', '', '', '', '', '228', '', '', '', 88497),
(25956, 'Nvidia', 'Grafička kartica', 'Nvidia Titan V', '12GB HBM2', '', '', '', '', '', '', '', '', 28593),
(26018, 'AMD', 'Grafička kartica', 'AMD Radeon VII', '16GB HBM2', '', '', '', '', '', '', '', '', 35979),
(26057, 'Archos', 'DVD-ROM', '', '', '', '', '', '', '160', '', '', '', 16466),
(26103, 'Margi', 'DVD-ROM', '', '', '', '', '', '', '190', '', '', '', 55899),
(26127, 'AMD', 'Matična ploča', '', '', '', '', '', '', '', 'X570', '', '', 46175),
(26163, 'TDK', 'DVD-ROM', '', '', '', '', '', '', '163', '', '', '', 69265),
(26267, 'Intel', 'Grafička kartica', 'Intel UHD Graphics 630 (i7-10700K)', '8GB GDDR5X', '', '', '', '', '', '', '', '', 25504),
(26339, 'Seagate ', '', '', '', '', '', '1000', '7200', '', '', '', '', 21709),
(26496, 'Intel', 'Matična ploča', '', '', '', '', '', '', '', 'B365', '', '', 14682),
(26551, 'AMD', 'Matična ploča', '', '', '', '', '', '', '', 'B450', '', '', 65863),
(26566, 'Viotek', 'Monitor', '', '', '49', '', '', '', '', '', '', '', 59355),
(26599, 'Transcend', 'RAM', '', '', '', 'DDR3', '8', '', '', '', '', '', 15630),
(26635, 'Porsche ', 'Monitor', '', '', '27', '', '', '', '', '', '', '', 42721),
(26750, 'Acer ', 'Monitor', '', '', '43', '', '', '', '', '', '', '', 47320),
(26802, 'MSI', 'Matična ploča', '', '', '', '', '', '', '', 'X570', '', '', 30559),
(26963, 'Yamaha', 'DVD-ROM', '', '', '', '', '', '', '210', '', '', '', 54932),
(26972, 'HP', 'Monitor', '', '', '24', '', '', '', '', '', '', '', 50687),
(27001, 'MEGAZ', '', '', '', '', '', '3000', '7200', '', '', '', '', 24223),
(27029, 'Seagate ', '', '', '', '', '', '500', '5400', '', '', '', '', 40670),
(27185, 'Nvidia', 'Grafička kartica', 'Nvidia GeForce RTX 2070 Super', '8GB GDDR6', '', '', '', '', '', '', '', '', 48303),
(27424, 'Gigabyte', 'Matična ploča', '', '', '', '', '', '', '', 'Z390', '', '', 97823),
(27430, 'AMD', 'Matična ploča', '', '', '', '', '', '', '', 'B550', '', '', 23489),
(27508, 'Nvidia', 'Grafička kartica', 'Nvidia GeForce RTX 3080 Ti', '12GB GDDR6X', '', '', '', '', '', '', '', '', 34207),
(27625, 'Toshiba ', '', '', '', '', '', '8000', '7200', '', '', '', '', 46350),
(27830, 'Plextor', 'DVD-ROM', '', '', '', '', '', '', '199', '', '', '', 12558),
(27917, 'LITE-ON', 'DVD-ROM', '', '', '', '', '', '', '139', '', '', '', 75258),
(28002, 'Asus', 'DVD-ROM', '', '', '', '', '', '', '160', '', '', '', 87348),
(28067, 'Kingston', 'RAM', '', '', '', 'DDR3', '4', '', '', '', '', '', 60312),
(28166, 'Intel', 'Matična ploča', '', '', '', '', '', '', '', 'Z590', '', '', 28085),
(28194, 'Transcend', 'RAM', '', '', '', 'DDR3', '8', '', '', '', '', '', 84475),
(28274, 'Gigabyte', 'Matična ploča', '', '', '', '', '', '', '', 'H570', '', '', 15630),
(28316, 'SK Hynix', 'RAM', '', '', '', 'DDR3', '4', '', '', '', '', '', 95566),
(28367, 'AMD ', 'Procesor', 'AMD Ryzen 9 5900X', '', '', '', '', '', '', '', '3.7', '12', 24660),
(28706, 'Simmtronics', 'RAM', '', '', '', 'DDR2', '2', '', '', '', '', '', 48460),
(28774, 'Intel', 'Procesor', 'Intel Core i9-11900K', '', '', '', '', '', '', '', '3.5', '8', 51955),
(28777, 'AMD', 'Matična ploča', '', '', '', '', '', '', '', 'B450', '', '', 95889),
(28802, 'I/O Magic', 'DVD-ROM', '', '', '', '', '', '', '206', '', '', '', 87431),
(28834, 'CrossLCD', 'Monitor', '', '', '32', '', '', '', '', '', '', '', 2703),
(28939, 'Yamaha', 'DVD-ROM', '', '', '', '', '', '', '210', '', '', '', 73959),
(28960, 'CrossLCD', 'Monitor', '', '', '32', '', '', '', '', '', '', '', 76626),
(29052, 'EVM', 'RAM', '', '', '', 'DDR3', '4', '', '', '', '', '', 30559),
(29170, 'AMD', 'Grafička kartica', 'AMD Radeon RX 5700 XT', '8GB GDDR6', '', '', '', '', '', '', '', '', 14521),
(29185, 'LITE-ON', 'DVD-ROM', '', '', '', '', '', '', '240', '', '', '', 44971),
(29352, 'AMD', 'Matična ploča', '', '', '', '', '', '', '', 'TRX40', '', '', 37080),
(29426, 'Nvidia', 'Grafička kartica', 'Nvidia GeForce GTX 1080', '8GB GDDR5X', '', '', '', '', '', '', '', '', 67591),
(29428, 'Samsung ', 'Monitor', '', '', '49', '', '', '', '', '', '', '', 69808),
(29436, 'LITE-ON', 'DVD-ROM', '', '', '', '', '', '', '139', '', '', '', 93207),
(29486, 'Nvidia', 'Grafička kartica', 'Nvidia GeForce RTX 3060 12GB', '12GB GDDR9', '', '', '', '', '', '', '', '', 2986),
(29513, 'Intel ', 'Procesor', 'Intel Core i7-7800X', '', '', '', '', '', '', '', '3.5', '6', 15593),
(29532, 'LG Electronics', 'DVD-ROM', '', '', '', '', '', '', '233', '', '', '', 69808),
(29602, 'WP', '', '', '', '', '', '6000', '7200', '', '', '', '', 32484),
(29621, 'Toshiba ', '', '', '', '', '', '500', '5400', '', '', '', '', 22581),
(29622, 'Viotek', 'Monitor', '', '', '49', '', '', '', '', '', '', '', 52975),
(29637, 'Nvidia', 'Grafička kartica', 'Nvidia Titan RTX', '24GB GDDR6', '', '', '', '', '', '', '', '', 48805),
(29723, 'Seagate ', '', '', '', '', '', '500', '5400', '', '', '', '', 52370),
(29943, 'Intel', 'Matična ploča', '', '', '', '', '', '', '', 'B460', '', '', 26767),
(30095, 'WD', '', '', '', '', '', '3000', '7200', '', '', '', '', 48805),
(30232, 'Nvidia', 'Grafička kartica', 'Nvidia GeForce RTX 3060 Ti', '8GB GDDR6', '', '', '', '', '', '', '', '', 22958),
(30372, 'WP', '', '', '', '', '', '12000', '7200', '', '', '', '', 77893),
(30395, 'Lenovo', 'Monitor', '', '', '27', '', '', '', '', '', '', '', 18665),
(30416, 'Sony', 'DVD-ROM', '', '', '', '', '', '', '161', '', '', '', 25959),
(30441, 'Nvidia', 'Grafička kartica', 'Nvidia Titan RTX', '24GB GDDR6', '', '', '', '', '', '', '', '', 35812),
(30457, 'MSI ', 'Monitor', '', '', '27', '', '', '', '', '', '', '', 71366),
(30462, 'LG', 'DVD-ROM', '', '', '', '', '', '', '160', '', '', '', 28085),
(30502, 'Intel', 'Matična ploča', '', '', '', '', '', '', '', 'H410', '', '', 87863),
(30514, 'Seagate ', '', '', '', '', '', '500', '5400', '', '', '', '', 22674),
(30713, 'Acer ', 'Monitor', '', '', '43', '', '', '', '', '', '', '', 38807),
(30801, 'AMD ', 'Procesor', 'AMD Ryzen 7 2701', '', '', '', '', '', '', '', '3.2', '8', 66365),
(30908, 'Kingston', 'RAM', '', '', '', 'DDR2', '2', '', '', '', '', '', 46273),
(31099, 'Niexus', 'Monitor', '', '', '27', '', '', '', '', '', '', '', 32872),
(31203, 'Intel', 'Matična ploča', '', '', '', '', '', '', '', 'H370', '', '', 71159),
(31377, 'Corsair', 'RAM', '', '', '', 'DDR3', '8', '', '', '', '', '', 46622),
(31433, 'Intel ', 'Procesor', 'Intel Core i5-10600K', '', '', '', '', '', '', '', '4.1', '6', 7314),
(31470, 'ViewSonic', 'Monitor', '', '', '27', '', '', '', '', '', '', '', 96030),
(31594, 'Viotek', 'Monitor', '', '', '49', '', '', '', '', '', '', '', 42243),
(31596, 'Simmtronics', 'RAM', '', '', '', 'DDR3', '2', '', '', '', '', '', 46513),
(31660, 'AMD', 'Grafička kartica', 'AMD Radeon RX Vega 64', '8GB HBM2', '', '', '', '', '', '', '', '', 75324),
(31671, 'Asus ', 'Monitor', '', '', '27', '', '', '', '', '', '', '', 78046),
(31711, 'Addonics', 'DVD-ROM', '', '', '', '', '', '', '199', '', '', '', 67233),
(31743, 'Simmtronics', 'RAM', '', '', '', 'DDR2', '2', '', '', '', '', '', 87863),
(31754, 'Intel', 'Matična ploča', '', '', '', '', '', '', '', 'H470', '', '', 63670),
(31775, 'Nvidia', 'Grafička kartica', 'Nvidia GeForce GTX 1080', '8GB GDDR5X', '', '', '', '', '', '', '', '', 32872),
(31790, 'Samsung', 'RAM', '', '', '', 'DDR3', '4', '', '', '', '', '', 38807),
(31945, 'Pioneer', 'DVD-ROM', '', '', '', '', '', '', '201', '', '', '', 95889),
(31949, 'Toshiba ', '', '', '', '', '', '4000', '7200', '', '', '', '', 34925),
(32077, 'Nvidia', 'Grafička kartica', 'Nvidia GeForce RTX 3060 Ti', '8GB GDDR6', '', '', '', '', '', '', '', '', 40326),
(32098, 'Intel', 'Matična ploča', '', '', '', '', '', '', '', 'Z590', '', '', 17053),
(32138, 'Seagate ', '', '', '', '', '', '500', '5400', '', '', '', '', 32872),
(32383, 'A-DATA', 'RAM', '', '', '', 'DDR3', '8', '', '', '', '', '', 96880),
(32418, 'Razer', 'Monitor', '', '', '27', '', '', '', '', '', '', '', 28085),
(32454, 'AMD', 'Grafička kartica', 'AMD Radeon RX 5600 XT', '6GB GDDR6', '', '', '', '', '', '', '', '', 77780),
(32456, 'SK Hynix', 'RAM', '', '', '', 'DDR3', '4', '', '', '', '', '', 623),
(32492, 'Intel', 'Matična ploča', '', '', '', '', '', '', '', 'B460', '', '', 52351),
(32501, 'WD', '', '', '', '', '', '250', '7200', '', '', '', '', 19157),
(32620, 'Intel', 'Matična ploča', '', '', '', '', '', '', '', 'Z370', '', '', 1523),
(32638, 'LG ', 'Monitor', '', '', '24', '', '', '', '', '', '', '', 34616),
(32720, 'MaxDigitalData', '', '', '', '', '', '8000', '7200', '', '', '', '', 48303),
(32738, 'Nvidia', 'Grafička kartica', 'Nvidia GeForce RTX 3070 Ti', '8GB GDDR6X', '', '', '', '', '', '', '', '', 88497),
(32810, 'Nvidia', 'Grafička kartica', 'Nvidia GeForce RTX 3093', '24GB GDDR6X', '', '', '', '', '', '', '', '', 20982),
(32839, 'LG', 'Monitor', '', '', '24', '', '', '', '', '', '', '', 23347),
(32918, 'AMD', 'Matična ploča', '', '', '', '', '', '', '', 'A300', '', '', 16632),
(32932, 'AMD ', 'Procesor', 'AMD Ryzen 7 5700G*', '', '', '', '', '', '', '', '3.8', '38', 12458),
(33006, 'ASRock', 'Matična ploča', '', '', '', '', '', '', '', 'A520', '', '', 37046),
(33123, 'Gigabyte', 'Matična ploča', '', '', '', '', '', '', '', 'Z390', '', '', 87348),
(33189, 'TDK', 'DVD-ROM', '', '', '', '', '', '', '163', '', '', '', 75324),
(33200, 'AMD ', 'Procesor', 'AMD Threadripper 2950X (GM)', '', '', '', '', '', '', '', '3.5', '16', 12558),
(33211, 'Asus ', 'Monitor', '', '', '43', '', '', '', '', '', '', '', 16466),
(33318, 'Seagate ', '', '', '', '', '', '2000', '7200', '', '', '', '', 99345),
(33405, 'BenQ', 'DVD-ROM', '', '', '', '', '', '', '228', '', '', '', 60547),
(33473, 'G.Skill', 'RAM', '', '', '', 'DDR2', '16', '', '', '', '', '', 95889),
(33524, 'Kingston', 'RAM', '', '', '', 'DDR3', '8', '', '', '', '', '', 73959),
(33563, 'Samsung ', 'Monitor', '', '', '32', '', '', '', '', '', '', '', 19157),
(33759, 'Nvidia', 'Grafička kartica', 'Nvidia GeForce GTX 1080', '8GB GDDR5X', '', '', '', '', '', '', '', '', 37046),
(33761, 'LG', 'DVD-ROM', '', '', '', '', '', '', '160', '', '', '', 24660),
(33786, 'AMD', 'Procesor', 'AMD Ryzen 5 5600X', '', '', '', '', '', '', '', '3.7', '6', 20665),
(33903, 'Iiyama', 'Monitor', '', '', '34', '', '', '', '', '', '', '', 67766),
(33907, 'BenQ ', 'Monitor', '', '', '32', '', '', '', '', '', '', '', 60959),
(33951, 'Zoran', 'DVD-ROM', '', '', '', '', '', '', '161', '', '', '', 25504),
(34178, 'SK Hynix', 'RAM', '', '', '', 'DDR3', '4', '', '', '', '', '', 72689),
(34236, 'AMD ', 'Procesor', 'AMD Ryzen 9 5900X', '', '', '', '', '', '', '', '3.7', '12', 79150),
(34242, 'Gigabyte ', 'Monitor', '', '', '43', '', '', '', '', '', '', '', 86904),
(34268, 'InterVideo', 'DVD-ROM', '', '', '', '', '', '', '182', '', '', '', 28593),
(34348, 'AMD ', 'Procesor', 'AMD Threadripper 2970WX', '', '', '', '', '', '', '', '3', '24', 85417),
(34367, 'HP', 'DVD-ROM', '', '', '', '', '', '', '239', '', '', '', 63348),
(34372, 'Niexus', 'Monitor', '', '', '27', '', '', '', '', '', '', '', 54932),
(34414, 'OWC', '', '', '', '', '', '240', '5400', '', '', '', '', 23489),
(34457, 'Nvidia', 'Grafička kartica', 'Nvidia Titan V', '12GB HBM2', '', '', '', '', '', '', '', '', 63348),
(34458, 'Archos', 'DVD-ROM', '', '', '', '', '', '', '160', '', '', '', 58673),
(34518, 'AMD', 'Matična ploča', '', '', '', '', '', '', '', 'X300', '', '', 77350),
(34616, 'Intel ', 'Procesor', 'Intel Core i5-10600K', '', '', '', '', '', '', '', '4.1', '6', 51498),
(34793, 'Adata', 'RAM', '', '', '', 'DDR4', '2', '', '', '', '', '', 37646),
(34875, 'Intel ', 'Procesor', 'Intel Core i5-7600K', '', '', '', '', '', '', '', '3.8', '4', 15615),
(34939, 'Porsche ', 'Monitor', '', '', '27', '', '', '', '', '', '', '', 83348),
(34977, 'EVM', 'RAM', '', '', '', 'DDR3', '4', '', '', '', '', '', 63790),
(35121, 'AMD ', 'Procesor', 'AMD Threadripper 2990WX (GM)', '', '', '', '', '', '', '', '3', '32', 23489),
(35136, 'MEGAZ', '', '', '', '', '', '500', '5400', '', '', '', '', 30876),
(35153, 'Intel ', 'Procesor', 'Intel Core i7-7820X', '', '', '', '', '', '', '', '3.6', '8', 81873),
(35169, 'Asus ', 'Monitor', '', '', '43', '', '', '', '', '', '', '', 97132),
(35250, 'AMD', 'Matična ploča', '', '', '', '', '', '', '', 'B450', '', '', 81873),
(35311, 'Yamaha', 'DVD-ROM', '', '', '', '', '', '', '210', '', '', '', 89099),
(35432, 'Samsung ', 'Monitor', '', '', '32', '', '', '', '', '', '', '', 48767),
(35463, 'Toshiba', 'DVD-ROM', '', '', '', '', '', '', '205', '', '', '', 86038),
(35574, 'Zoran', 'DVD-ROM', '', '', '', '', '', '', '161', '', '', '', 15615),
(35636, 'Nvidia', 'Grafička kartica', 'Nvidia GeForce RTX 2060 Super', '8GB GDDR6', '', '', '', '', '', '', '', '', 50687),
(35696, 'AMD', 'Grafička kartica', 'AMD Radeon RX 5700 XT', '8GB GDDR6', '', '', '', '', '', '', '', '', 52887),
(35728, 'Intel ', 'Procesor', 'Intel Core i7-7700K', '', '', '', '', '', '', '', '4.2', '4', 42596),
(35780, 'AMD', 'Matična ploča', '', '', '', '', '', '', '', 'B550', '', '', 49973),
(35792, 'Lenovo', 'Monitor', '', '', '27', '', '', '', '', '', '', '', 86038),
(35795, 'Intel', 'Matična ploča', '', '', '', '', '', '', '', 'Z590', '', '', 11393),
(35802, 'AMD', 'Matična ploča', '', '', '', '', '', '', '', 'A300', '', '', 96880),
(35816, 'Samsung ', 'Monitor', '', '', '32', '', '', '', '', '', '', '', 93195),
(35909, 'Asus ', 'Monitor', '', '', '27', '', '', '', '', '', '', '', 72689),
(35926, 'Pioneer', 'DVD-ROM', '', '', '', '', '', '', '201', '', '', '', 52887),
(35943, 'AMD ', 'Procesor', 'AMD Ryzen 5 2600X', '', '', '', '', '', '', '', '3.6', '6', 96950),
(35965, 'I/O Magic', 'DVD-ROM', '', '', '', '', '', '', '206', '', '', '', 96426),
(36217, 'Nvidia', 'Grafička kartica', 'Nvidia GeForce RTX 3080 Ti', '12GB GDDR6X', '', '', '', '', '', '', '', '', 34925),
(36228, 'Nvidia', 'Grafička kartica', 'Nvidia GeForce RTX 3090', '24GB GDDR6X', '', '', '', '', '', '', '', '', 17053),
(36263, 'WD', '', '', '', '', '', '3000', '7200', '', '', '', '', 35812),
(36340, 'SK Hynix', 'RAM', '', '', '', 'DDR3', '4', '', '', '', '', '', 50657),
(36372, 'TDK', 'DVD-ROM', '', '', '', '', '', '', '163', '', '', '', 30559),
(36379, 'Nvidia', 'Grafička kartica', 'Nvidia GeForce RTX 3092', '24GB GDDR6X', '', '', '', '', '', '', '', '', 79150),
(36424, 'WD', '', '', '', '', '', '250', '7200', '', '', '', '', 94783),
(36521, 'Seagate ', '', '', '', '', '', '500', '5400', '', '', '', '', 87863),
(36612, 'Intel', 'Matična ploča', '', '', '', '', '', '', '', 'Z590', '', '', 84062),
(36712, 'Nvidia', 'Grafička kartica', 'Nvidia GeForce GTX 1080', '8GB GDDR5X', '', '', '', '', '', '', '', '', 40670),
(36874, 'Razer', 'Monitor', '', '', '27', '', '', '', '', '', '', '', 11393),
(36968, 'Pioneer', 'DVD-ROM', '', '', '', '', '', '', '201', '', '', '', 75287),
(37238, 'HITACHI', '', '', '', '', '', '120', '7200', '', '', '', '', 14521),
(37274, 'Nvidia', 'Grafička kartica', 'Nvidia GeForce RTX 3080 Ti', '12GB GDDR6X', '', '', '', '', '', '', '', '', 80761),
(37335, 'Gigabyte ', 'Monitor', '', '', '43', '', '', '', '', '', '', '', 46175),
(37383, 'Kingston', 'RAM', '', '', '', 'DDR3', '8', '', '', '', '', '', 48303),
(37396, 'Golden Hawk', 'DVD-ROM', '', '', '', '', '', '', '162', '', '', '', 63999),
(37427, 'ASRock', 'Matična ploča', '', '', '', '', '', '', '', 'A520', '', '', 40670),
(37457, 'Intel', 'Matična ploča', '', '', '', '', '', '', '', 'B365', '', '', 52975),
(37559, 'AMD ', 'Procesor', 'AMD Ryzen 9 5900X', '', '', '', '', '', '', '', '3.7', '12', 61108),
(37635, 'Viotek', 'Monitor', '', '', '49', '', '', '', '', '', '', '', 89415),
(37848, 'OWC', '', '', '', '', '', '240', '5400', '', '', '', '', 83348),
(37977, 'SK Hynix', 'RAM', '', '', '', 'DDR3', '4', '', '', '', '', '', 8301),
(38005, 'Sanyo', 'DVD-ROM', '', '', '', '', '', '', '225', '', '', '', 31651),
(38033, 'Intel', 'Matična ploča', '', '', '', '', '', '', '', 'Z490', '', '', 33210),
(38040, 'Kingston', 'RAM', '', '', '', 'DDR2', '2', '', '', '', '', '', 24660),
(38123, 'Nvidia', 'Grafička kartica', 'Nvidia GeForce RTX 3060 Ti', '8GB GDDR6', '', '', '', '', '', '', '', '', 87431),
(38147, 'Gigabyte', 'Matična ploča', '', '', '', '', '', '', '', 'H570', '', '', 56034),
(38221, 'Corsair', 'RAM', '', '', '', 'DDR4', '8', '', '', '', '', '', 97113),
(38248, 'Zion', 'RAM', '', '', '', 'DDR4', '4', '', '', '', '', '', 42382),
(38265, 'AOC', 'Monitor', '', '', '32', '', '', '', '', '', '', '', 16632),
(38327, 'Nvidia', 'Grafička kartica', 'Nvidia GeForce GTX 1080', '8GB GDDR5X', '', '', '', '', '', '', '', '', 73959),
(38370, 'AMD', 'Matična ploča', '', '', '', '', '', '', '', 'B550', '', '', 67661),
(38379, 'AMD ', 'Procesor', 'AMD Ryzen 3 3101', '', '', '', '', '', '', '', '3.8', '4', 37080),
(38512, 'Golden Hawk', 'DVD-ROM', '', '', '', '', '', '', '162', '', '', '', 35317),
(38653, 'A-DATA', 'RAM', '', '', '', 'DDR3', '8', '', '', '', '', '', 31651),
(38793, 'WD', '', '', '', '', '', '500', '5400', '', '', '', '', 20665),
(38815, 'Toshiba ', '', '', '', '', '', '10000', '7200', '', '', '', '', 96426),
(38885, 'Zion', 'RAM', '', '', '', 'DDR4', '4', '', '', '', '', '', 72596),
(38887, 'AMD', 'Grafička kartica', 'AMD Radeon RX 5600 XT', '6GB GDDR6', '', '', '', '', '', '', '', '', 32492),
(38962, 'BenQ ', 'Monitor', '', '', '32', '', '', '', '', '', '', '', 46350),
(38977, 'JVC', 'DVD-ROM', '', '', '', '', '', '', '242', '', '', '', 48767),
(39049, 'AMD', 'Grafička kartica', 'AMD Radeon RX Vega 64', '8GB HBM2', '', '', '', '', '', '', '', '', 63790),
(39073, 'SK Hynix', 'RAM', '', '', '', 'DDR3', '4', '', '', '', '', '', 21709),
(39100, 'HITACHI', '', '', '', '', '', '120', '7200', '', '', '', '', 47586);
INSERT INTO `komponenta` (`idkomponenta`, `ime_proizvodjaca`, `tip_komponente`, `ime`, `kolicina_memorije`, `dimenzija`, `tip`, `kapacitet`, `brzina_obrtaja`, `brzina`, `cipset`, `frekvencija`, `broj_jezgara`, `racunar_idracunara`) VALUES
(39207, 'Intel', 'Matična ploča', '', '', '', '', '', '', '', 'Z390', '', '', 60629),
(39245, 'LG Electronics', 'DVD-ROM', '', '', '', '', '', '', '233', '', '', '', 18996),
(39248, 'Porsche ', 'Monitor', '', '', '27', '', '', '', '', '', '', '', 35688),
(39346, 'LITE-ON', 'DVD-ROM', '', '', '', '', '', '', '139', '', '', '', 97113),
(39499, 'Adata', 'RAM', '', '', '', 'DDR4', '4', '', '', '', '', '', 28593),
(39518, 'SK Hynix', 'RAM', '', '', '', 'DDR2', '2', '', '', '', '', '', 42399),
(39596, 'Nvidia', 'Grafička kartica', 'Nvidia GeForce RTX 2060 Super', '8GB GDDR6', '', '', '', '', '', '', '', '', 25959),
(39608, 'I/O Magic', 'DVD-ROM', '', '', '', '', '', '', '206', '', '', '', 15630),
(39612, 'BenQ', 'DVD-ROM', '', '', '', '', '', '', '228', '', '', '', 6728),
(39629, 'Nvidia', 'Grafička kartica', 'Nvidia Titan Xp', '12GB GDDR5X', '', '', '', '', '', '', '', '', 67661),
(39810, 'Kingston', 'RAM', '', '', '', 'DDR4', '8', '', '', '', '', '', 48767),
(39837, 'MEGAZ', '', '', '', '', '', '3000', '7200', '', '', '', '', 15615),
(39969, 'AMD', 'Grafička kartica', 'AMD Radeon RX 6800', '16GB GDDR6', '', '', '', '', '', '', '', '', 3375),
(40138, 'SK Hynix', 'RAM', '', '', '', 'DDR3', '4', '', '', '', '', '', 80761),
(40212, 'MSI ', 'Monitor', '', '', '34', '', '', '', '', '', '', '', 84781),
(40364, 'Gigabyte', 'Matična ploča', '', '', '', '', '', '', '', 'Z390', '', '', 78046),
(40369, 'LG', 'Monitor', '', '', '24', '', '', '', '', '', '', '', 37694),
(40407, 'Intel ', 'Procesor', 'Intel Core i9-7900X', '', '', '', '', '', '', '', '3.3', '10', 21753),
(40774, 'HP', 'RAM', '', '', '', 'DDR3', '4', '', '', '', '', '', 60629),
(40917, 'AMD ', 'Procesor', 'AMD Ryzen 7 4750G*', '', '', '', '', '', '', '', '3.8', '8', 30876),
(40922, 'AMD', 'Grafička kartica', 'AMD Radeon RX 6900 XT', '16GB GDDR6', '', '', '', '', '', '', '', '', 68627),
(40948, 'Niexus', 'Monitor', '', '', '27', '', '', '', '', '', '', '', 73959),
(40959, 'Intel ', 'Procesor', 'Intel Core i3-10101', '', '', '', '', '', '', '', '3.6', '4', 83107),
(40991, 'AMD', 'Grafička kartica', 'AMD Radeon VII', '16GB HBM2', '', '', '', '', '', '', '', '', 55899),
(41010, 'MSI ', 'Monitor', '', '', '34', '', '', '', '', '', '', '', 75287),
(41021, 'AMD ', 'Procesor', 'AMD Ryzen 9 5900X', '', '', '', '', '', '', '', '3.7', '12', 17053),
(41073, 'WD', '', '', '', '', '', '250', '7200', '', '', '', '', 41459),
(41097, 'OWC', '', '', '', '', '', '240', '5400', '', '', '', '', 10239),
(41105, 'Margi', 'DVD-ROM', '', '', '', '', '', '', '190', '', '', '', 42596),
(41139, 'Kingston', 'RAM', '', '', '', 'DDR2', '2', '', '', '', '', '', 61108),
(41143, 'WD', '', '', '', '', '', '3000', '7200', '', '', '', '', 37694),
(41152, 'Nvidia', 'Grafička kartica', 'Nvidia GeForce GTX 1080', '8GB GDDR5X', '', '', '', '', '', '', '', '', 15593),
(41175, 'Nvidia', 'Grafička kartica', 'Nvidia GeForce GTX 1080 Ti', '11GB GDDR5X', '', '', '', '', '', '', '', '', 74760),
(41336, 'AMD ', 'Procesor', 'AMD Ryzen 7 5700G*', '', '', '', '', '', '', '', '3.8', '38', 22674),
(41397, 'HITACHI', '', '', '', '', '', '120', '7200', '', '', '', '', 33975),
(41415, 'AMD ', 'Procesor', 'AMD Threadripper 3970X', '', '', '', '', '', '', '', '3.7', '32', 63999),
(41572, 'Nvidia', 'Grafička kartica', 'Nvidia Titan RTX', '24GB GDDR6', '', '', '', '', '', '', '', '', 37694),
(41602, 'Samsung', 'RAM', '', '', '', 'DDR4', '2', '', '', '', '', '', 52351),
(41790, 'Porsche ', 'Monitor', '', '', '27', '', '', '', '', '', '', '', 42382),
(41970, 'MEGAZ', '', '', '', '', '', '3000', '7200', '', '', '', '', 63790),
(42033, 'Intel ', 'Procesor', 'Intel Core i7-7820X', '', '', '', '', '', '', '', '3.6', '8', 84781),
(42221, 'Nvidia', 'Grafička kartica', 'Nvidia GeForce RTX 3094', '24GB GDDR6X', '', '', '', '', '', '', '', '', 86211),
(42333, 'Nvidia', 'Grafička kartica', 'Nvidia GeForce GTX 1080', '8GB GDDR5X', '', '', '', '', '', '', '', '', 41463),
(42361, 'Intel', 'Matična ploča', '', '', '', '', '', '', '', 'B360', '', '', 86728),
(42365, 'Toshiba ', '', '', '', '', '', '4000', '7200', '', '', '', '', 97088),
(42471, 'AMD', 'Matična ploča', '', '', '', '', '', '', '', 'B450', '', '', 58116),
(42472, 'Nvidia', 'Grafička kartica', 'Nvidia GeForce RTX 2080 Ti', '11GB GDDR6', '', '', '', '', '', '', '', '', 38312),
(42549, 'Creative', 'DVD-ROM', '', '', '', '', '', '', '234', '', '', '', 52351),
(42560, 'Addonics', 'DVD-ROM', '', '', '', '', '', '', '199', '', '', '', 65614),
(42681, 'Intel', 'Matična ploča', '', '', '', '', '', '', '', 'B360', '', '', 30876),
(42700, 'AMD ', 'Procesor', 'AMD Threadripper 2990WX (GM)', '', '', '', '', '', '', '', '3', '32', 97520),
(42766, 'Kingston', 'RAM', '', '', '', 'DDR3', '8', '', '', '', '', '', 25316),
(42795, 'Lenovo', 'Monitor', '', '', '27', '', '', '', '', '', '', '', 92624),
(42864, 'HP', 'DVD-ROM', '', '', '', '', '', '', '239', '', '', '', 71159),
(42939, 'AMD', 'Matična ploča', '', '', '', '', '', '', '', 'B450', '', '', 84781),
(42978, 'Simmtronics', 'RAM', '', '', '', 'DDR3', '2', '', '', '', '', '', 6728),
(43110, 'AMD', 'Matična ploča', '', '', '', '', '', '', '', 'X300', '', '', 12558),
(43394, 'Intel', 'Matična ploča', '', '', '', '', '', '', '', 'B360', '', '', 79898),
(43534, 'Intel', 'Matična ploča', '', '', '', '', '', '', '', 'H410', '', '', 6728),
(43556, 'Intel ', 'Procesor', 'Intel Core i5-7600K', '', '', '', '', '', '', '', '3.8', '4', 25504),
(43558, 'Simmtronics', 'RAM', '', '', '', 'DDR3', '2', '', '', '', '', '', 77893),
(43591, 'G-Technology', '', '', '', '', '', '4000', '5400', '', '', '', '', 38312),
(43612, 'ViewSonic', 'Monitor', '', '', '24', '', '', '', '', '', '', '', 92426),
(43658, 'Zion', 'RAM', '', '', '', 'DDR4', '4', '', '', '', '', '', 23489),
(43888, 'Nvidia', 'Grafička kartica', 'Nvidia GeForce RTX 3080 Ti', '12GB GDDR6X', '', '', '', '', '', '', '', '', 87348),
(43897, 'Intel ', 'Procesor', 'Intel Core i5-7600K', '', '', '', '', '', '', '', '3.8', '4', 52527),
(43908, 'Nvidia', 'Grafička kartica', 'Nvidia GeForce RTX 2080', '8GB GDDR6', '', '', '', '', '', '', '', '', 17143),
(43916, 'Sigma Designs', 'DVD-ROM', '', '', '', '', '', '', '235', '', '', '', 76626),
(43944, 'SK Hynix', 'RAM', '', '', '', 'DDR3', '4', '', '', '', '', '', 98605),
(44032, 'Gigabyte ', 'Monitor', '', '', '43', '', '', '', '', '', '', '', 17143),
(44044, 'Intel ', 'Procesor', 'Intel Core i5-10600K', '', '', '', '', '', '', '', '4.1', '6', 77534),
(44139, 'Kingston', 'RAM', '', '', '', 'DDR2', '2', '', '', '', '', '', 11393),
(44195, 'ViewSonic', 'Monitor', '', '', '24', '', '', '', '', '', '', '', 56034),
(44261, 'Toshiba ', '', '', '', '', '', '500', '5400', '', '', '', '', 25959),
(44310, 'WD', '', '', '', '', '', '250', '7200', '', '', '', '', 37080),
(44506, 'AMD', 'Matična ploča', '', '', '', '', '', '', '', 'B550', '', '', 21753),
(44515, 'Alienware ', 'Monitor', '', '', '34', '', '', '', '', '', '', '', 48303),
(44652, 'Zion', 'RAM', '', '', '', 'DDR4', '4', '', '', '', '', '', 93515),
(44660, 'G-Technology', '', '', '', '', '', '500', '7200', '', '', '', '', 12558),
(44868, 'Intel', 'Matična ploča', '', '', '', '', '', '', '', 'Z490', '', '', 67233),
(44979, 'Intel', 'Grafička kartica', 'Intel UHD Graphics 630 (i7-10700K)', '8GB GDDR5X', '', '', '', '', '', '', '', '', 24223),
(44994, 'Intel', 'Matična ploča', '', '', '', '', '', '', '', 'H510', '', '', 68309),
(45019, 'WD', '', '', '', '', '', '3000', '7200', '', '', '', '', 51498),
(45073, 'HP', 'RAM', '', '', '', 'DDR3', '4', '', '', '', '', '', 50687),
(45086, 'Zoran', 'DVD-ROM', '', '', '', '', '', '', '161', '', '', '', 89415),
(45166, 'LG', 'DVD-ROM', '', '', '', '', '', '', '160', '', '', '', 7922),
(45255, 'Nvidia', 'Grafička kartica', 'Nvidia GeForce RTX 2080 Super', '8GB GDDR6', '', '', '', '', '', '', '', '', 94783),
(45285, 'Kingston', 'RAM', '', '', '', 'DDR3', '8', '', '', '', '', '', 54932),
(45296, 'Nvidia', 'Grafička kartica', 'Nvidia GeForce RTX 2073', '11GB GDDR5X', '', '', '', '', '', '', '', '', 33975),
(45343, 'Intel', 'Matična ploča', '', '', '', '', '', '', '', 'Z390', '', '', 93195),
(45391, 'Adaptec', 'DVD-ROM', '', '', '', '', '', '', '241', '', '', '', 4944),
(45442, 'Intel', 'Matična ploča', '', '', '', '', '', '', '', 'Z390', '', '', 93624),
(45461, 'Razer', 'Monitor', '', '', '27', '', '', '', '', '', '', '', 52512),
(45466, 'OWC', '', '', '', '', '', '240', '5400', '', '', '', '', 42721),
(45524, 'MSI', 'Matična ploča', '', '', '', '', '', '', '', 'X570', '', '', 75324),
(45618, 'Nvidia', 'Grafička kartica', 'Nvidia GeForce RTX 3060 Ti', '8GB GDDR6', '', '', '', '', '', '', '', '', 56034),
(45631, 'AMD ', 'Procesor', 'AMD Ryzen 7 2704', '', '', '', '', '', '', '', '3.2', '8', 32484),
(45660, 'LG', 'DVD-ROM', '', '', '', '', '', '', '160', '', '', '', 20982),
(45674, 'Stargate', '', '', '', '', '', '1000', '5400', '', '', '', '', 96880),
(45698, 'Porsche ', 'Monitor', '', '', '27', '', '', '', '', '', '', '', 72596),
(45709, 'WP', '', '', '', '', '', '12000', '7200', '', '', '', '', 46657),
(45758, 'Intel', 'Procesor', 'Intel W-3175X', '', '', '', '', '', '', '', '3.1', '28', 16466),
(45855, 'Intel', 'Procesor', 'Intel W-3175X', '', '', '', '', '', '', '', '3.1', '28', 3375),
(46036, 'BenQ', 'DVD-ROM', '', '', '', '', '', '', '228', '', '', '', 52370),
(46069, 'AMD ', 'Procesor', 'AMD Ryzen 7 2700X', '', '', '', '', '', '', '', '3.7', '8', 92426),
(46108, 'AMD ', 'Procesor', 'AMD Threadripper 2970WX', '', '', '', '', '', '', '', '3', '24', 16632),
(46116, 'AMD ', 'Procesor', 'AMD Ryzen 5 2601', '', '', '', '', '', '', '', '3.4', '6', 86038),
(46131, 'AMD ', 'Procesor', 'AMD Threadripper 2970WX', '', '', '', '', '', '', '', '3', '24', 96880),
(46206, 'AMD', 'Grafička kartica', 'AMD Radeon RX 6800', '16GB GDDR6', '', '', '', '', '', '', '', '', 58673),
(46238, 'WD', '', '', '', '', '', '500', '5400', '', '', '', '', 26177),
(46240, 'OWC', '', '', '', '', '', '240', '5400', '', '', '', '', 72596),
(46267, 'Creative', 'DVD-ROM', '', '', '', '', '', '', '234', '', '', '', 26767),
(46273, 'InterVideo', 'DVD-ROM', '', '', '', '', '', '', '182', '', '', '', 30876),
(46342, 'AMD ', 'Procesor', 'AMD Ryzen 7 5700G*', '', '', '', '', '', '', '', '3.8', '38', 60547),
(46347, 'AMD ', 'Procesor', 'AMD Threadripper 3970X', '', '', '', '', '', '', '', '3.7', '32', 5733),
(46368, 'WD', '', '', '', '', '', '500', '5400', '', '', '', '', 4944),
(46393, 'Razer', 'Monitor', '', '', '27', '', '', '', '', '', '', '', 84062),
(46488, 'Sony', 'DVD-ROM', '', '', '', '', '', '', '161', '', '', '', 60629),
(46543, 'ViewSonic', 'Monitor', '', '', '24', '', '', '', '', '', '', '', 15630),
(46839, 'Kingston', 'RAM', '', '', '', 'DDR2', '2', '', '', '', '', '', 17053),
(46958, 'AMD', 'Procesor', 'AMD Ryzen 7 5800X', '', '', '', '', '', '', '', '3.8', '8', 96030),
(46983, 'Pioneer', 'DVD-ROM', '', '', '', '', '', '', '201', '', '', '', 65863),
(47032, 'Intel', 'Matična ploča', '', '', '', '', '', '', '', 'B365', '', '', 15615),
(47097, 'MSI ', 'Monitor', '', '', '27', '', '', '', '', '', '', '', 48460),
(47209, 'HP', 'DVD-ROM', '', '', '', '', '', '', '239', '', '', '', 99694),
(47262, 'AMD ', 'Procesor', 'AMD Ryzen 7 2700X', '', '', '', '', '', '', '', '3.7', '8', 15630),
(47380, 'AMD', 'Matična ploča', '', '', '', '', '', '', '', 'X399', '', '', 92624),
(47452, 'Intel', 'Matična ploča', '', '', '', '', '', '', '', 'H410', '', '', 71366),
(47514, 'Gigabyte', 'Matična ploča', '', '', '', '', '', '', '', 'H570', '', '', 96426),
(47515, 'EVM', 'RAM', '', '', '', 'DDR4', '16', '', '', '', '', '', 25409),
(47542, 'Asus', 'Matična ploča', '', '', '', '', '', '', '', 'Z390', '', '', 3935),
(47625, 'Alienware ', 'Monitor', '', '', '34', '', '', '', '', '', '', '', 6312),
(47732, 'AMD ', 'Procesor', 'AMD Threadripper 3970X', '', '', '', '', '', '', '', '3.7', '32', 37646),
(47815, 'Intel', 'Procesor', 'Intel Core i9-11900K', '', '', '', '', '', '', '', '3.5', '8', 34207),
(47869, 'Intel', 'Matična ploča', '', '', '', '', '', '', '', 'Z590', '', '', 86211),
(47912, 'Alienware', 'Monitor', '', '', '55', '', '', '', '', '', '', '', 4944),
(48054, 'MEGAZ', '', '', '', '', '', '500', '5400', '', '', '', '', 79898),
(48145, 'Nvidia', 'Grafička kartica', 'Nvidia GeForce RTX 3070 Ti', '8GB GDDR6X', '', '', '', '', '', '', '', '', 71366),
(48216, 'Intel', 'Grafička kartica', 'Intel UHD Graphics 630 (i7-10700K)', '8GB GDDR5X', '', '', '', '', '', '', '', '', 42243),
(48244, 'WD', '', '', '', '', '', '250', '10000', '', '', '', '', 93207),
(48538, 'Niexus', 'Monitor', '', '', '27', '', '', '', '', '', '', '', 40670),
(48617, 'Gigabyte', 'Matična ploča', '', '', '', '', '', '', '', 'Z390', '', '', 34207),
(48695, 'Kingston', 'RAM', '', '', '', 'DDR3', '8', '', '', '', '', '', 67591),
(48763, 'Nvidia', 'Grafička kartica', 'Nvidia GeForce RTX 2071', '11GB GDDR5X', '', '', '', '', '', '', '', '', 84781),
(48764, 'Asus', 'Matična ploča', '', '', '', '', '', '', '', 'B550', '', '', 83348),
(48782, 'SK Hynix', 'RAM', '', '', '', 'DDR3', '4', '', '', '', '', '', 33210),
(48873, 'Asus', 'DVD-ROM', '', '', '', '', '', '', '160', '', '', '', 80761),
(49125, 'EVM', 'RAM', '', '', '', 'DDR4', '16', '', '', '', '', '', 89415),
(49188, 'Asus', 'DVD-ROM', '', '', '', '', '', '', '160', '', '', '', 22852),
(49226, 'HITACHI', '', '', '', '', '', '120', '7200', '', '', '', '', 75287),
(49290, 'Intel', 'Matična ploča', '', '', '', '', '', '', '', 'Z370', '', '', 35317),
(49445, 'Toshiba ', '', '', '', '', '', '6000', '7200', '', '', '', '', 46175),
(49452, 'Nvidia', 'Grafička kartica', 'Nvidia GeForce RTX 3080', '10GB GDDR6X', '', '', '', '', '', '', '', '', 33210),
(49541, 'AMD', 'Grafička kartica', 'AMD Radeon RX 5700 XT', '8GB GDDR6', '', '', '', '', '', '', '', '', 47586),
(49634, 'LG ', 'Monitor', '', '', '24', '', '', '', '', '', '', '', 51498),
(49673, 'Transcend', 'RAM', '', '', '', 'DDR3', '4', '', '', '', '', '', 46350),
(49734, 'MaxDigitalData', '', '', '', '', '', '8000', '7200', '', '', '', '', 6312),
(49755, 'Razer', 'Monitor', '', '', '27', '', '', '', '', '', '', '', 63545),
(49873, 'Seagate ', '', '', '', '', '', '14000', '10000', '', '', '', '', 49973),
(49885, 'Transcend', 'RAM', '', '', '', 'DDR3', '8', '', '', '', '', '', 80862),
(49900, 'Nvidia', 'Grafička kartica', 'Nvidia Titan V', '12GB HBM2', '', '', '', '', '', '', '', '', 71159),
(49942, 'Intel ', 'Procesor', 'Intel Core i5-7600K', '', '', '', '', '', '', '', '3.8', '4', 59355),
(49966, 'Nvidia', 'Grafička kartica', 'Nvidia GeForce RTX 3080', '10GB GDDR6X', '', '', '', '', '', '', '', '', 21709),
(50026, 'Intel', 'Matična ploča', '', '', '', '', '', '', '', 'B460', '', '', 51498),
(50090, 'Gigabyte', 'Matična ploča', '', '', '', '', '', '', '', 'H570', '', '', 87431),
(50128, 'Nvidia', 'Grafička kartica', 'Nvidia GeForce RTX 3090', '24GB GDDR6X', '', '', '', '', '', '', '', '', 99345),
(50173, 'Razer', 'Monitor', '', '', '27', '', '', '', '', '', '', '', 86211),
(50198, 'Intel', 'Matična ploča', '', '', '', '', '', '', '', 'H410', '', '', 22674),
(50213, 'Viotek', 'Monitor', '', '', '49', '', '', '', '', '', '', '', 25504),
(50246, 'Intel ', 'Procesor', 'Intel Core i7-7700', '', '', '', '', '', '', '', '3.6', '4', 30559),
(50322, 'Samsung', 'RAM', '', '', '', 'DDR2', '16', '', '', '', '', '', 86038),
(50355, 'Kingston', 'RAM', '', '', '', 'DDR3', '4', '', '', '', '', '', 95711),
(50369, 'HITACHI', '', '', '', '', '', '120', '7200', '', '', '', '', 65863),
(50538, 'AMD', 'Matična ploča', '', '', '', '', '', '', '', 'TRX40', '', '', 48767),
(50550, 'Intel', 'Procesor', 'Intel Core i7-11700K', '', '', '', '', '', '', '', '3.6', '8', 67233),
(50627, 'AMD ', 'Procesor', 'AMD Threadripper 2990WX (GM)', '', '', '', '', '', '', '', '3', '32', 35688),
(50676, 'Nvidia', 'Grafička kartica', 'Nvidia Titan V', '12GB HBM2', '', '', '', '', '', '', '', '', 86728),
(50712, 'Asus', 'DVD-ROM', '', '', '', '', '', '', '160', '', '', '', 623),
(50741, 'Seagate ', '', '', '', '', '', '2000', '7200', '', '', '', '', 24660),
(50776, 'Intel', 'Procesor', 'Intel Core i9-11900K', '', '', '', '', '', '', '', '3.5', '8', 72689),
(50817, 'AMD ', 'Procesor', 'AMD Ryzen 7 4750G*', '', '', '', '', '', '', '', '3.8', '8', 86728),
(50863, 'Niexus', 'Monitor', '', '', '27', '', '', '', '', '', '', '', 37046),
(51082, 'Nvidia', 'Grafička kartica', 'Nvidia Titan V', '12GB HBM2', '', '', '', '', '', '', '', '', 40290),
(51094, 'LG', 'DVD-ROM', '', '', '', '', '', '', '160', '', '', '', 52512),
(51156, 'Kingston', 'RAM', '', '', '', 'DDR3', '8', '', '', '', '', '', 89099),
(51190, 'LG', 'DVD-ROM', '', '', '', '', '', '', '160', '', '', '', 11393),
(51192, 'Margi', 'DVD-ROM', '', '', '', '', '', '', '190', '', '', '', 46350),
(51205, 'AMD', 'Procesor', 'AMD Ryzen 7 5800X', '', '', '', '', '', '', '', '3.8', '8', 93207),
(51279, 'Intel ', 'Procesor', 'Intel Core i7-7800X', '', '', '', '', '', '', '', '3.5', '6', 67591),
(51295, 'AMD ', 'Procesor', 'AMD Ryzen 9 5900X', '', '', '', '', '', '', '', '3.7', '12', 46273),
(51298, 'Kingston', 'RAM', '', '', '', 'DDR2', '2', '', '', '', '', '', 79150),
(51559, 'EVM', 'RAM', '', '', '', 'DDR4', '16', '', '', '', '', '', 52975),
(51751, 'SK Hynix', 'RAM', '', '', '', 'DDR2', '2', '', '', '', '', '', 20665),
(51789, 'EVM', 'RAM', '', '', '', 'DDR4', '16', '', '', '', '', '', 59355),
(51802, 'ViewSonic', 'Monitor', '', '', '24', '', '', '', '', '', '', '', 84475),
(51933, 'Intel', 'Matična ploča', '', '', '', '', '', '', '', 'Z390', '', '', 25959),
(51960, 'BenQ', 'DVD-ROM', '', '', '', '', '', '', '228', '', '', '', 30650),
(51962, 'AMD ', 'Procesor', 'AMD Ryzen 3 3103', '', '', '', '', '', '', '', '3.8', '4', 19157),
(52132, 'Nvidia', 'Grafička kartica', 'Nvidia GeForce RTX 2070 Super', '8GB GDDR6', '', '', '', '', '', '', '', '', 96950),
(52281, 'AMD ', 'Procesor', 'AMD Threadripper 2990WX (GM)', '', '', '', '', '', '', '', '3', '32', 72596),
(52431, 'Asus', 'Matična ploča', '', '', '', '', '', '', '', 'Z390', '', '', 2703),
(52504, 'Nvidia', 'Grafička kartica', 'Nvidia Titan RTX', '24GB GDDR6', '', '', '', '', '', '', '', '', 52351),
(52990, 'Dell ', 'Monitor', '', '', '27', '', '', '', '', '', '', '', 21709),
(53009, 'MSI', 'Matična ploča', '', '', '', '', '', '', '', 'X570', '', '', 63790),
(53021, 'Gigabyte', 'Matična ploča', '', '', '', '', '', '', '', 'Z390', '', '', 72689),
(53055, 'AMD', 'Matična ploča', '', '', '', '', '', '', '', 'B550', '', '', 35688),
(53069, 'WD', '', '', '', '', '', '500', '5400', '', '', '', '', 68309),
(53111, 'ASRock', 'Matična ploča', '', '', '', '', '', '', '', 'A520', '', '', 41463),
(53187, 'Nvidia', 'Grafička kartica', 'Nvidia GeForce RTX 3070', '8GB GDDR6', '', '', '', '', '', '', '', '', 1523),
(53313, 'Intel', 'Procesor', 'Intel Core i7-11700K', '', '', '', '', '', '', '', '3.6', '8', 33210),
(53340, 'SK Hynix', 'RAM', '', '', '', 'DDR2', '2', '', '', '', '', '', 21753),
(53341, 'Intel ', 'Procesor', 'Intel Core i5-7600K', '', '', '', '', '', '', '', '3.8', '4', 25409),
(53497, 'Gigabyte ', 'Monitor', '', '', '43', '', '', '', '', '', '', '', 61733),
(53611, 'Intel', 'Matična ploča', '', '', '', '', '', '', '', 'H370', '', '', 77893),
(53800, 'Samsung', 'RAM', '', '', '', 'DDR2', '2', '', '', '', '', '', 34616),
(53944, 'Acer ', 'Monitor', '', '', '34', '', '', '', '', '', '', '', 77893),
(53994, 'Nvidia', 'Grafička kartica', 'Nvidia GeForce RTX 2080', '8GB GDDR6', '', '', '', '', '', '', '', '', 86904),
(54052, 'WD', '', '', '', '', '', '3000', '7200', '', '', '', '', 7314),
(54119, 'G-Technology', '', '', '', '', '', '500', '7200', '', '', '', '', 77350),
(54189, 'Intel', 'Matična ploča', '', '', '', '', '', '', '', 'Z390', '', '', 95711),
(54208, 'AMD ', 'Procesor', 'AMD Ryzen 7 5700G*', '', '', '', '', '', '', '', '3.8', '38', 52370),
(54214, 'Yamaha', 'DVD-ROM', '', '', '', '', '', '', '210', '', '', '', 25316),
(54420, 'AMD ', 'Procesor', 'AMD Ryzen 7 5700G*', '', '', '', '', '', '', '', '3.8', '38', 48460),
(54449, 'Intel', 'Matična ploča', '', '', '', '', '', '', '', 'Z390', '', '', 50687),
(54560, 'Samsung', 'RAM', '', '', '', 'DDR2', '2', '', '', '', '', '', 48805),
(54637, 'Toshiba ', '', '', '', '', '', '6000', '7200', '', '', '', '', 46622),
(54790, 'Toshiba ', '', '', '', '', '', '4000', '7200', '', '', '', '', 623),
(54798, 'Plextor', 'DVD-ROM', '', '', '', '', '', '', '199', '', '', '', 2986),
(54995, 'SK Hynix', 'RAM', '', '', '', 'DDR3', '4', '', '', '', '', '', 34925),
(55160, 'AMD ', 'Procesor', 'AMD Threadripper 1900X (GM)', '', '', '', '', '', '', '', '3.8', '8', 60629),
(55173, 'Razer', 'Monitor', '', '', '27', '', '', '', '', '', '', '', 17053),
(55185, 'Intel ', 'Procesor', 'Intel Core i3-10102', '', '', '', '', '', '', '', '3.6', '4', 84809),
(55229, 'AMD ', 'Procesor', 'AMD Ryzen 5 2600', '', '', '', '', '', '', '', '3.4', '6', 77780),
(55430, 'Pioneer', 'DVD-ROM', '', '', '', '', '', '', '201', '', '', '', 33975),
(55509, 'Intel ', 'Procesor', 'Intel Core i9-7900X', '', '', '', '', '', '', '', '3.3', '10', 18996),
(55518, 'WD', '', '', '', '', '', '250', '10000', '', '', '', '', 75258),
(55520, 'Kingston', 'RAM', '', '', '', 'DDR3', '8', '', '', '', '', '', 6312),
(55684, 'AMD', 'Matična ploča', '', '', '', '', '', '', '', 'X399', '', '', 32492),
(55700, 'AMD', 'Grafička kartica', 'AMD Radeon RX 5700', '8GB GDDR6', '', '', '', '', '', '', '', '', 2703),
(55704, 'Nvidia', 'Grafička kartica', 'Nvidia GeForce RTX 2080 Ti', '11GB GDDR6', '', '', '', '', '', '', '', '', 93624),
(55705, 'BenQ', 'DVD-ROM', '', '', '', '', '', '', '228', '', '', '', 48460),
(55714, 'AMD', 'Grafička kartica', 'AMD Radeon RX 5700', '8GB GDDR6', '', '', '', '', '', '', '', '', 32484),
(55847, 'GoldStar', 'DVD-ROM', '', '', '', '', '', '', '163', '', '', '', 93195),
(55983, 'AMD ', 'Procesor', 'AMD Ryzen 7 2700X', '', '', '', '', '', '', '', '3.7', '8', 22958),
(55987, 'Intel ', 'Procesor', 'Intel Core i5-10600K', '', '', '', '', '', '', '', '4.1', '6', 26767),
(56259, 'Intel', 'Matična ploča', '', '', '', '', '', '', '', 'B560', '', '', 68627),
(56421, 'Asus', 'DVD-ROM', '', '', '', '', '', '', '160', '', '', '', 78046),
(56453, 'Intel ', 'Procesor', 'Intel Core i5-7600K', '', '', '', '', '', '', '', '3.8', '4', 42243),
(56496, 'Kingston', 'RAM', '', '', '', 'DDR3', '4', '', '', '', '', '', 58673),
(56823, 'Nvidia', 'Grafička kartica', 'Nvidia Titan RTX', '24GB GDDR6', '', '', '', '', '', '', '', '', 34616),
(56834, 'Archos', 'DVD-ROM', '', '', '', '', '', '', '160', '', '', '', 3375),
(56957, 'Intel ', 'Procesor', 'Intel Core i9-7980XE', '', '', '', '', '', '', '', '2.6', '18', 86904),
(57002, 'EVM', 'RAM', '', '', '', 'DDR4', '16', '', '', '', '', '', 42243),
(57098, 'MEGAZ', '', '', '', '', '', '3000', '7200', '', '', '', '', 67766),
(57239, 'AMD', 'Matična ploča', '', '', '', '', '', '', '', 'B550', '', '', 69808),
(57348, 'WD', '', '', '', '', '', '250', '10000', '', '', '', '', 96030),
(57408, 'Golden Hawk', 'DVD-ROM', '', '', '', '', '', '', '162', '', '', '', 1523),
(57458, 'SK Hynix', 'RAM', '', '', '', 'DDR3', '4', '', '', '', '', '', 67233),
(57506, 'AMD', 'Grafička kartica', 'AMD Radeon RX 6800', '16GB GDDR6', '', '', '', '', '', '', '', '', 16466),
(57562, 'Porsche ', 'Monitor', '', '', '27', '', '', '', '', '', '', '', 93515),
(57715, 'Panasonic', 'DVD-ROM', '', '', '', '', '', '', '164', '', '', '', 42382),
(58027, 'Lenovo', 'Monitor', '', '', '27', '', '', '', '', '', '', '', 32492),
(58052, 'SK Hynix', 'RAM', '', '', '', 'DDR3', '4', '', '', '', '', '', 51955),
(58087, 'AMD', 'Matična ploča', '', '', '', '', '', '', '', 'X470', '', '', 46350),
(58266, 'Intel', 'Procesor', 'Intel Core i7-11700K', '', '', '', '', '', '', '', '3.6', '8', 21709),
(58306, 'Simmtronics', 'RAM', '', '', '', 'DDR3', '2', '', '', '', '', '', 46657),
(58615, 'Transcend', 'RAM', '', '', '', 'DDR3', '8', '', '', '', '', '', 56034),
(58705, 'Toshiba ', '', '', '', '', '', '4000', '7200', '', '', '', '', 80761),
(58740, 'Intel ', 'Procesor', 'Intel Core i7-7820X', '', '', '', '', '', '', '', '3.6', '8', 58116),
(58801, 'AMD ', 'Procesor', 'AMD Threadripper 2990WX (GM)', '', '', '', '', '', '', '', '3', '32', 42721),
(58871, 'Nvidia', 'Grafička kartica', 'Nvidia GeForce RTX 3080', '10GB GDDR6X', '', '', '', '', '', '', '', '', 67233),
(58907, 'AMD ', 'Procesor', 'AMD Ryzen 7 5700G*', '', '', '', '', '', '', '', '3.8', '38', 6728),
(59021, 'Intel', 'Matična ploča', '', '', '', '', '', '', '', 'Z590', '', '', 99345),
(59053, 'Nvidia', 'Grafička kartica', 'Nvidia GeForce RTX 3080 Ti', '12GB GDDR6X', '', '', '', '', '', '', '', '', 97823),
(59067, 'Silicon Power', 'RAM', '', '', '', 'DDR2', '8', '', '', '', '', '', 2703),
(59069, 'Intel ', 'Procesor', 'Intel Core i5-10600K', '', '', '', '', '', '', '', '4.1', '6', 35812),
(59075, 'HP', 'DVD-ROM', '', '', '', '', '', '', '239', '', '', '', 46513),
(59087, 'Seagate ', '', '', '', '', '', '2000', '7200', '', '', '', '', 17053),
(59166, 'ViewSonic', 'Monitor', '', '', '27', '', '', '', '', '', '', '', 75258),
(59196, 'Nvidia', 'Grafička kartica', 'Nvidia GeForce GTX 1080', '8GB GDDR5X', '', '', '', '', '', '', '', '', 25316),
(59359, 'Samsung ', 'Monitor', '', '', '49', '', '', '', '', '', '', '', 67661),
(59552, 'MaxDigitalData', '', '', '', '', '', '1000', '7200', '', '', '', '', 18665),
(59577, 'BenQ', 'DVD-ROM', '', '', '', '', '', '', '228', '', '', '', 22674),
(59622, 'Lenovo', 'Monitor', '', '', '27', '', '', '', '', '', '', '', 77780),
(59667, 'AMD', 'Grafička kartica', 'AMD Radeon RX 6900 XT', '16GB GDDR6', '', '', '', '', '', '', '', '', 75258),
(59678, 'AMD', 'Matična ploča', '', '', '', '', '', '', '', 'TRX40', '', '', 94783),
(59750, 'Nvidia', 'Grafička kartica', 'Nvidia GeForce RTX 3080 Ti', '12GB GDDR6X', '', '', '', '', '', '', '', '', 78046),
(59927, 'Dell ', 'Monitor', '', '', '27', '', '', '', '', '', '', '', 65614),
(59946, 'Seagate ', '', '', '', '', '', '500', '5400', '', '', '', '', 73959),
(59982, 'AMD ', 'Procesor', 'AMD Ryzen 5 2600X', '', '', '', '', '', '', '', '3.6', '6', 6312),
(60164, 'Samsung', 'RAM', '', '', '', 'DDR3', '4', '', '', '', '', '', 12558),
(60214, 'Simmtronics', 'RAM', '', '', '', 'DDR3', '2', '', '', '', '', '', 63348),
(60224, 'AMD ', 'Procesor', 'AMD Ryzen 9 5900X', '', '', '', '', '', '', '', '3.7', '12', 52512),
(60338, 'ViewSonic', 'Monitor', '', '', '24', '', '', '', '', '', '', '', 80862),
(60340, 'Transcend', 'RAM', '', '', '', 'DDR3', '8', '', '', '', '', '', 40526),
(60471, 'EVM', 'RAM', '', '', '', 'DDR4', '16', '', '', '', '', '', 24223),
(60541, 'HP', 'RAM', '', '', '', 'DDR3', '4', '', '', '', '', '', 25959),
(60548, 'AMD ', 'Procesor', 'AMD Ryzen 9 5900X', '', '', '', '', '', '', '', '3.7', '12', 28085),
(60743, 'MSI ', 'Monitor', '', '', '27', '', '', '', '', '', '', '', 52370),
(60791, 'AMD', 'Grafička kartica', 'AMD Radeon RX 6700 XT', '12GB GDDR6', '', '', '', '', '', '', '', '', 46657),
(60817, 'Asus', 'DVD-ROM', '', '', '', '', '', '', '160', '', '', '', 97823),
(60880, 'Toshiba ', '', '', '', '', '', '6000', '7200', '', '', '', '', 86904),
(60882, 'Nvidia', 'Grafička kartica', 'Nvidia GeForce RTX 2080 Ti', '11GB GDDR6', '', '', '', '', '', '', '', '', 60312),
(61023, 'AMD', 'Grafička kartica', 'AMD Radeon RX 6700 XT', '12GB GDDR6', '', '', '', '', '', '', '', '', 46513),
(61200, 'Alienware', 'Monitor', '', '', '55', '', '', '', '', '', '', '', 26177),
(61316, 'Adata', 'RAM', '', '', '', 'DDR4', '2', '', '', '', '', '', 63999),
(61343, 'Intel', 'Matična ploča', '', '', '', '', '', '', '', 'Z590', '', '', 46273),
(61565, 'Simmtronics', 'RAM', '', '', '', 'DDR2', '2', '', '', '', '', '', 22674),
(61625, 'Viotek', 'Monitor', '', '', '49', '', '', '', '', '', '', '', 25409),
(61753, 'Sigma Designs', 'DVD-ROM', '', '', '', '', '', '', '235', '', '', '', 32484),
(61756, 'Kingston', 'RAM', '', '', '', 'DDR3', '8', '', '', '', '', '', 37046),
(61760, 'Zoran', 'DVD-ROM', '', '', '', '', '', '', '161', '', '', '', 52975),
(61778, 'Simmtronics', 'RAM', '', '', '', 'DDR3', '2', '', '', '', '', '', 30650),
(61787, 'Seagate ', '', '', '', '', '', '2000', '7200', '', '', '', '', 28085),
(61819, 'Pioneer', 'DVD-ROM', '', '', '', '', '', '', '201', '', '', '', 47586),
(61882, 'Intel ', 'Procesor', 'Intel Core i3-10104', '', '', '', '', '', '', '', '3.6', '4', 46657),
(61971, 'Simmtronics', 'RAM', '', '', '', 'DDR3', '2', '', '', '', '', '', 40290),
(62028, 'AMD', 'Grafička kartica', 'AMD Radeon RX 6800 XT', '16GB GDDR6', '', '', '', '', '', '', '', '', 42399),
(62096, 'Samsung', 'RAM', '', '', '', 'DDR3', '4', '', '', '', '', '', 47320),
(62203, 'Kanguru', 'DVD-ROM', '', '', '', '', '', '', '181', '', '', '', 46175),
(62327, 'Asus ', 'Monitor', '', '', '27', '', '', '', '', '', '', '', 22852),
(62410, 'G.Skill', 'RAM', '', '', '', 'DDR2', '16', '', '', '', '', '', 65863),
(62432, 'G.Skill', 'RAM', '', '', '', 'DDR2', '16', '', '', '', '', '', 75287),
(62462, 'Nvidia', 'Grafička kartica', 'Nvidia GeForce GTX 1080 Ti', '11GB GDDR5X', '', '', '', '', '', '', '', '', 83348),
(62580, 'Intel', 'Matična ploča', '', '', '', '', '', '', '', 'H410', '', '', 12458),
(62652, 'MSI', 'Matična ploča', '', '', '', '', '', '', '', 'X570', '', '', 69265),
(62784, 'AMD ', 'Procesor', 'AMD Ryzen 7 2700X', '', '', '', '', '', '', '', '3.7', '8', 96426),
(62832, 'LG', 'DVD-ROM', '', '', '', '', '', '', '160', '', '', '', 46273),
(62871, 'Alienware', 'Monitor', '', '', '55', '', '', '', '', '', '', '', 20665),
(62873, 'Intel', 'Matična ploča', '', '', '', '', '', '', '', 'H370', '', '', 40290),
(63004, 'Acer ', 'Monitor', '', '', '34', '', '', '', '', '', '', '', 83107),
(63090, 'BenQ ', 'Monitor', '', '', '32', '', '', '', '', '', '', '', 42596),
(63104, 'Seagate ', '', '', '', '', '', '500', '5400', '', '', '', '', 41463),
(63147, 'Seagate ', '', '', '', '', '', '6000', '7200', '', '', '', '', 63670),
(63221, 'Kingston', 'RAM', '', '', '', 'DDR3', '8', '', '', '', '', '', 44971),
(63303, 'Intel', 'Matična ploča', '', '', '', '', '', '', '', 'B365', '', '', 42243),
(63400, 'Seagate ', '', '', '', '', '', '2000', '7200', '', '', '', '', 46273),
(63700, 'Nvidia', 'Grafička kartica', 'Nvidia GeForce RTX 2070', '8GB GDDR6', '', '', '', '', '', '', '', '', 16632),
(63703, 'AMD ', 'Procesor', 'AMD Ryzen 7 2703', '', '', '', '', '', '', '', '3.2', '8', 2703),
(63774, 'Asus ', 'Monitor', '', '', '27', '', '', '', '', '', '', '', 1523),
(63959, 'AMD ', 'Procesor', 'AMD Ryzen 7 4750G*', '', '', '', '', '', '', '', '3.8', '8', 28593),
(63992, 'Alienware ', 'Monitor', '', '', '34', '', '', '', '', '', '', '', 44971),
(64079, 'Niexus', 'Monitor', '', '', '27', '', '', '', '', '', '', '', 89099),
(64142, 'Yamaha', 'DVD-ROM', '', '', '', '', '', '', '210', '', '', '', 32872),
(64168, 'WP', '', '', '', '', '', '12000', '7200', '', '', '', '', 71159),
(64228, 'AMD', 'Matična ploča', '', '', '', '', '', '', '', 'B550', '', '', 42721),
(64342, 'WD', '', '', '', '', '', '250', '10000', '', '', '', '', 97113),
(64396, 'Nvidia', 'Grafička kartica', 'Nvidia Titan Xp', '12GB GDDR5X', '', '', '', '', '', '', '', '', 18996),
(64496, 'Nvidia', 'Grafička kartica', 'Nvidia Titan RTX', '24GB GDDR6', '', '', '', '', '', '', '', '', 51498),
(64580, 'SK Hynix', 'RAM', '', '', '', 'DDR3', '4', '', '', '', '', '', 78046),
(64592, 'AMD ', 'Procesor', 'AMD Threadripper 2970WX', '', '', '', '', '', '', '', '3', '24', 7056),
(64604, 'Toshiba ', '', '', '', '', '', '4000', '7200', '', '', '', '', 51955),
(64612, 'Zoran', 'DVD-ROM', '', '', '', '', '', '', '161', '', '', '', 42243),
(64722, 'WP', '', '', '', '', '', '12000', '7200', '', '', '', '', 84598),
(64748, 'SK Hynix', 'RAM', '', '', '', 'DDR3', '4', '', '', '', '', '', 97823),
(64753, 'Nvidia', 'Grafička kartica', 'Nvidia GeForce RTX 3090', '24GB GDDR6X', '', '', '', '', '', '', '', '', 46273),
(64759, 'Nvidia', 'Grafička kartica', 'Nvidia GeForce RTX 3080 Ti', '12GB GDDR6X', '', '', '', '', '', '', '', '', 8301),
(64779, 'MEGAZ', '', '', '', '', '', '500', '5400', '', '', '', '', 86728),
(64786, 'Nvidia', 'Grafička kartica', 'Nvidia GeForce RTX 3070', '8GB GDDR6', '', '', '', '', '', '', '', '', 37646),
(64915, 'Seagate ', '', '', '', '', '', '500', '5400', '', '', '', '', 89099),
(65116, 'Seagate ', '', '', '', '', '', '500', '5400', '', '', '', '', 25316),
(65148, 'Nvidia', 'Grafička kartica', 'Nvidia GeForce RTX 3090', '24GB GDDR6X', '', '', '', '', '', '', '', '', 52512),
(65159, 'Kingston', 'RAM', '', '', '', 'DDR3', '8', '', '', '', '', '', 64575),
(65190, 'MSI ', 'Monitor', '', '', '34', '', '', '', '', '', '', '', 33975),
(65372, 'Toshiba ', '', '', '', '', '', '4000', '7200', '', '', '', '', 97823),
(65468, 'TDK', 'DVD-ROM', '', '', '', '', '', '', '163', '', '', '', 63790),
(65481, 'Pioneer', 'DVD-ROM', '', '', '', '', '', '', '201', '', '', '', 14521),
(65587, 'Seagate ', '', '', '', '', '', '500', '5400', '', '', '', '', 54932),
(65628, 'AMD ', 'Procesor', 'AMD Ryzen 7 5700G*', '', '', '', '', '', '', '', '3.8', '38', 87863),
(65650, 'Silicon Power', 'RAM', '', '', '', 'DDR2', '8', '', '', '', '', '', 32484),
(65719, 'AMD', 'Matična ploča', '', '', '', '', '', '', '', 'X570', '', '', 17143),
(65733, 'G.Skill', 'RAM', '', '', '', 'DDR2', '16', '', '', '', '', '', 84781),
(65789, 'Intel ', 'Procesor', 'Intel Core i7-7800X', '', '', '', '', '', '', '', '3.5', '6', 89099),
(65825, 'LG', 'DVD-ROM', '', '', '', '', '', '', '160', '', '', '', 61108),
(65903, 'Nvidia', 'Grafička kartica', 'Nvidia GeForce RTX 3080 Ti', '12GB GDDR6X', '', '', '', '', '', '', '', '', 22852),
(65933, 'Samsung', 'RAM', '', '', '', 'DDR2', '2', '', '', '', '', '', 26767),
(65963, 'Samsung ', 'Monitor', '', '', '32', '', '', '', '', '', '', '', 41459),
(66056, 'Kingston', 'RAM', '', '', '', 'DDR2', '2', '', '', '', '', '', 28085),
(66085, 'AMD ', 'Procesor', 'AMD Threadripper 1900X (GM)', '', '', '', '', '', '', '', '3.8', '8', 27286),
(66148, 'Panasonic', 'DVD-ROM', '', '', '', '', '', '', '164', '', '', '', 97520),
(66203, 'Seagate ', '', '', '', '', '', '2000', '7200', '', '', '', '', 63545),
(66236, 'Gigabyte ', 'Monitor', '', '', '43', '', '', '', '', '', '', '', 46622),
(66303, 'AMD ', 'Procesor', 'AMD Ryzen 9 5900X', '', '', '', '', '', '', '', '3.7', '12', 63545),
(66438, 'Nvidia', 'Grafička kartica', 'Nvidia GeForce RTX 2070', '8GB GDDR6', '', '', '', '', '', '', '', '', 7056),
(66457, 'Nvidia', 'Grafička kartica', 'Nvidia Titan V', '12GB HBM2', '', '', '', '', '', '', '', '', 99694),
(66570, 'SK Hynix', 'RAM', '', '', '', 'DDR2', '2', '', '', '', '', '', 68309),
(66616, 'WD', '', '', '', '', '', '250', '10000', '', '', '', '', 68627),
(66703, 'AMD', 'Procesor', 'AMD Ryzen 7 5800X', '', '', '', '', '', '', '', '3.8', '8', 97113),
(66757, 'Intel', 'Matična ploča', '', '', '', '', '', '', '', 'H410', '', '', 52370),
(66787, 'LG', 'Monitor', '', '', '24', '', '', '', '', '', '', '', 52351),
(66830, 'Panasonic', 'DVD-ROM', '', '', '', '', '', '', '164', '', '', '', 74760),
(66832, 'AMD', 'Grafička kartica', 'AMD Radeon RX 5700', '8GB GDDR6', '', '', '', '', '', '', '', '', 3935),
(66837, 'AMD', 'Matična ploča', '', '', '', '', '', '', '', 'X470', '', '', 55899),
(66907, 'Intel ', 'Procesor', 'Intel Core i7-7700K', '', '', '', '', '', '', '', '4.2', '4', 60959),
(66917, 'Toshiba ', '', '', '', '', '', '10000', '7200', '', '', '', '', 40526),
(66990, 'Razer', 'Monitor', '', '', '27', '', '', '', '', '', '', '', 7922),
(67008, 'Toshiba ', '', '', '', '', '', '10000', '7200', '', '', '', '', 15630),
(67120, 'Nvidia', 'Grafička kartica', 'Nvidia GeForce RTX 2072', '11GB GDDR5X', '', '', '', '', '', '', '', '', 75287),
(67157, 'Toshiba ', '', '', '', '', '', '4000', '7200', '', '', '', '', 95566),
(67182, 'Toshiba ', '', '', '', '', '', '10000', '7200', '', '', '', '', 84475),
(67235, 'Transcend', 'RAM', '', '', '', 'DDR3', '8', '', '', '', '', '', 96426),
(67377, 'Seagate ', '', '', '', '', '', '6000', '7200', '', '', '', '', 3375),
(67473, 'Intel', 'Matična ploča', '', '', '', '', '', '', '', 'Z390', '', '', 27286),
(67518, 'BenQ ', 'Monitor', '', '', '32', '', '', '', '', '', '', '', 35979),
(67526, 'Nvidia', 'Grafička kartica', 'Nvidia GeForce RTX 3060 12GB', '12GB GDDR6', '', '', '', '', '', '', '', '', 12558),
(67603, 'GoldStar', 'DVD-ROM', '', '', '', '', '', '', '163', '', '', '', 93624),
(67711, 'LG', 'Monitor', '', '', '24', '', '', '', '', '', '', '', 77534),
(67746, 'AMD ', 'Procesor', 'AMD Ryzen 3 3104', '', '', '', '', '', '', '', '3.8', '4', 94783),
(67751, 'Intel', 'Matična ploča', '', '', '', '', '', '', '', 'H510', '', '', 4944),
(67806, 'Kingston', 'RAM', '', '', '', 'DDR3', '4', '', '', '', '', '', 16466),
(67830, 'AMD ', 'Procesor', 'AMD Ryzen 7 2702', '', '', '', '', '', '', '', '3.2', '8', 3935),
(67844, 'LG UltraGear', 'Monitor', '', '', '38', '', '', '', '', '', '', '', 28593),
(67854, 'Nvidia', 'Grafička kartica', 'Nvidia GeForce RTX 3070 Ti', '8GB GDDR6X', '', '', '', '', '', '', '', '', 60547),
(67916, 'Nvidia', 'Grafička kartica', 'Nvidia GeForce RTX 2060 Super', '8GB GDDR6', '', '', '', '', '', '', '', '', 22581),
(67953, 'MSI ', 'Monitor', '', '', '34', '', '', '', '', '', '', '', 14521),
(68061, 'AMD', 'Matična ploča', '', '', '', '', '', '', '', 'X570', '', '', 46622),
(68105, 'Gigabyte', 'Matična ploča', '', '', '', '', '', '', '', 'Z390', '', '', 51955),
(68235, 'Asus', 'DVD-ROM', '', '', '', '', '', '', '160', '', '', '', 50657),
(68337, 'Seagate ', '', '', '', '', '', '1000', '7200', '', '', '', '', 65614),
(68375, 'Seagate ', '', '', '', '', '', '500', '5400', '', '', '', '', 60547),
(68411, 'ViewSonic', 'Monitor', '', '', '24', '', '', '', '', '', '', '', 40326),
(68460, 'Toshiba ', '', '', '', '', '', '10000', '7200', '', '', '', '', 92426),
(68484, 'AMD', 'Matična ploča', '', '', '', '', '', '', '', 'B450', '', '', 47586),
(68651, 'Intel', 'Matična ploča', '', '', '', '', '', '', '', 'B560', '', '', 75258),
(68801, 'Panasonic', 'DVD-ROM', '', '', '', '', '', '', '164', '', '', '', 23489),
(68952, 'Asus ', 'Monitor', '', '', '27', '', '', '', '', '', '', '', 51955),
(68993, 'Nvidia', 'Grafička kartica', 'Nvidia GeForce RTX 3070 Ti', '8GB GDDR6X', '', '', '', '', '', '', '', '', 22674),
(69058, 'Kingston', 'RAM', '', '', '', 'DDR3', '4', '', '', '', '', '', 93195),
(69086, 'Adata', 'RAM', '', '', '', 'DDR4', '2', '', '', '', '', '', 35317),
(69087, 'Samsung', 'RAM', '', '', '', 'DDR3', '4', '', '', '', '', '', 77350),
(69310, 'Intel', 'Matična ploča', '', '', '', '', '', '', '', 'H410', '', '', 48460),
(69386, 'Intel ', 'Procesor', 'Intel Core i3-10100', '', '', '', '', '', '', '', '3.6', '4', 84598),
(69481, 'Zion', 'RAM', '', '', '', 'DDR4', '4', '', '', '', '', '', 35688),
(69654, 'Kanguru', 'DVD-ROM', '', '', '', '', '', '', '181', '', '', '', 61733),
(69672, 'AMD ', 'Procesor', 'AMD Ryzen 9 3950X', '', '', '', '', '', '', '', '3.5', '16', 60312),
(69692, 'Nvidia', 'Grafička kartica', 'Nvidia Titan RTX', '24GB GDDR6', '', '', '', '', '', '', '', '', 77534),
(69833, 'AMD ', 'Procesor', 'AMD Ryzen 5 2600X', '', '', '', '', '', '', '', '3.6', '6', 48303),
(69891, 'Samsung', 'RAM', '', '', '', 'DDR2', '16', '', '', '', '', '', 18665),
(70087, 'Porsche ', 'Monitor', '', '', '27', '', '', '', '', '', '', '', 23489),
(70145, 'Toshiba ', '', '', '', '', '', '10000', '7200', '', '', '', '', 80862),
(70225, 'Intel', 'Matična ploča', '', '', '', '', '', '', '', 'Z590', '', '', 24660),
(70240, 'Intel', 'Procesor', 'Intel Core i9-11900K', '', '', '', '', '', '', '', '3.5', '8', 78046),
(70373, 'Intel', 'Matična ploča', '', '', '', '', '', '', '', 'Z390', '', '', 60312),
(70516, 'AMD', 'Matična ploča', '', '', '', '', '', '', '', 'B450', '', '', 75287),
(70595, 'Intel', 'Matična ploča', '', '', '', '', '', '', '', 'Z590', '', '', 20982),
(70628, 'MSI ', 'Monitor', '', '', '27', '', '', '', '', '', '', '', 60547),
(70840, 'WP', '', '', '', '', '', '6000', '7200', '', '', '', '', 66365),
(70902, 'Seagate ', '', '', '', '', '', '2000', '7200', '', '', '', '', 11393),
(71178, 'SK Hynix', 'RAM', '', '', '', 'DDR3', '4', '', '', '', '', '', 87348),
(71179, 'LG ', 'Monitor', '', '', '24', '', '', '', '', '', '', '', 35812),
(71219, 'Sanyo', 'DVD-ROM', '', '', '', '', '', '', '225', '', '', '', 96880),
(71276, 'MSI ', 'Monitor', '', '', '27', '', '', '', '', '', '', '', 6728),
(71431, 'Gigabyte', 'Matična ploča', '', '', '', '', '', '', '', 'Z390', '', '', 50657),
(71494, 'Silicon Power', 'RAM', '', '', '', 'DDR2', '8', '', '', '', '', '', 3935),
(71836, 'MSI ', 'Monitor', '', '', '34', '', '', '', '', '', '', '', 58116),
(71965, 'AMD', 'Matična ploča', '', '', '', '', '', '', '', 'X470', '', '', 35979),
(72072, 'Adaptec', 'DVD-ROM', '', '', '', '', '', '', '241', '', '', '', 26177),
(72190, 'LG', 'DVD-ROM', '', '', '', '', '', '', '160', '', '', '', 79150),
(72291, 'Gigabyte', 'Matična ploča', '', '', '', '', '', '', '', 'Z390', '', '', 97088),
(72298, 'HITACHI', '', '', '', '', '', '120', '7200', '', '', '', '', 81873),
(72381, 'AMD', 'Matična ploča', '', '', '', '', '', '', '', 'A520', '', '', 64575),
(72442, 'Toshiba ', '', '', '', '', '', '10000', '7200', '', '', '', '', 40326),
(72637, 'Asus', 'DVD-ROM', '', '', '', '', '', '', '160', '', '', '', 95566),
(72675, 'Porsche ', 'Monitor', '', '', '27', '', '', '', '', '', '', '', 74760),
(72804, 'AMD', 'Grafička kartica', 'AMD Radeon RX 6900 XT', '16GB GDDR6', '', '', '', '', '', '', '', '', 97113),
(72838, 'LG', 'DVD-ROM', '', '', '', '', '', '', '160', '', '', '', 17976),
(72842, 'EVM', 'RAM', '', '', '', 'DDR3', '4', '', '', '', '', '', 75324),
(73026, 'Intel ', 'Procesor', 'Intel Core i7-7820X', '', '', '', '', '', '', '', '3.6', '8', 95889),
(73076, 'LITE-ON', 'DVD-ROM', '', '', '', '', '', '', '240', '', '', '', 48303),
(73088, 'MEGAZ', '', '', '', '', '', '3000', '7200', '', '', '', '', 25409),
(73205, 'Samsung', 'RAM', '', '', '', 'DDR2', '2', '', '', '', '', '', 51498),
(73283, 'Sigma Designs', 'DVD-ROM', '', '', '', '', '', '', '235', '', '', '', 66365),
(73436, 'EVM', 'RAM', '', '', '', 'DDR4', '16', '', '', '', '', '', 52527),
(73606, 'Asus ', 'Monitor', '', '', '27', '', '', '', '', '', '', '', 87348),
(73674, 'Intel', 'Grafička kartica', 'Intel UHD Graphics 630 (i7-10700K)', '8GB GDDR5X', '', '', '', '', '', '', '', '', 15615),
(73729, 'LG', 'DVD-ROM', '', '', '', '', '', '', '160', '', '', '', 99345),
(73937, 'WP', '', '', '', '', '', '12000', '7200', '', '', '', '', 99694),
(73954, 'Intel', 'Matična ploča', '', '', '', '', '', '', '', 'H410', '', '', 88497),
(74035, 'SK Hynix', 'RAM', '', '', '', 'DDR3', '4', '', '', '', '', '', 65614),
(74057, 'Intel', 'Procesor', 'Intel Core i9-11900K', '', '', '', '', '', '', '', '3.5', '8', 95566),
(74146, 'AMD', 'Matična ploča', '', '', '', '', '', '', '', 'A520', '', '', 44971),
(74359, 'Seagate ', '', '', '', '', '', '6000', '7200', '', '', '', '', 16466),
(74479, 'Nvidia', 'Grafička kartica', 'Nvidia GeForce RTX 2070 Super', '8GB GDDR6', '', '', '', '', '', '', '', '', 64575),
(74516, 'Sony', 'DVD-ROM', '', '', '', '', '', '', '161', '', '', '', 27286),
(74519, 'Samsung ', 'Monitor', '', '', '32', '', '', '', '', '', '', '', 37080),
(74539, 'Seagate ', '', '', '', '', '', '1000', '7200', '', '', '', '', 98605),
(74561, 'Acer ', 'Monitor', '', '', '34', '', '', '', '', '', '', '', 46513),
(74591, 'Razer', 'Monitor', '', '', '27', '', '', '', '', '', '', '', 46273),
(74647, 'Toshiba ', '', '', '', '', '', '4000', '7200', '', '', '', '', 8301),
(74697, 'HP', 'DVD-ROM', '', '', '', '', '', '', '239', '', '', '', 46657),
(74746, 'Samsung', 'RAM', '', '', '', 'DDR4', '2', '', '', '', '', '', 77534),
(74877, 'OWC', '', '', '', '', '', '240', '5400', '', '', '', '', 74760),
(74888, 'AMD ', 'Procesor', 'AMD Ryzen 5 2602', '', '', '', '', '', '', '', '3.4', '6', 92624),
(74986, 'Kingston', 'RAM', '', '', '', 'DDR2', '2', '', '', '', '', '', 20982),
(75138, 'Intel', 'Matična ploča', '', '', '', '', '', '', '', 'B560', '', '', 96030),
(75216, 'Kingston', 'RAM', '', '', '', 'DDR3', '8', '', '', '', '', '', 15593),
(75274, 'Nvidia', 'Grafička kartica', 'Nvidia GeForce RTX 2080 Super', '8GB GDDR6', '', '', '', '', '', '', '', '', 37080),
(75294, 'AMD ', 'Procesor', 'AMD Ryzen 7 5700G*', '', '', '', '', '', '', '', '3.8', '38', 71366),
(75318, 'Panasonic', 'DVD-ROM', '', '', '', '', '', '', '164', '', '', '', 42721),
(75320, 'Nvidia', 'Grafička kartica', 'Nvidia GeForce RTX 3090', '24GB GDDR6X', '', '', '', '', '', '', '', '', 7922),
(75401, 'Stargate', '', '', '', '', '', '1000', '5400', '', '', '', '', 16632),
(75521, 'Toshiba ', '', '', '', '', '', '4000', '7200', '', '', '', '', 95832),
(75671, 'Nvidia', 'Grafička kartica', 'Nvidia GeForce RTX 2080', '8GB GDDR6', '', '', '', '', '', '', '', '', 46622),
(75701, 'AMD', 'Matična ploča', '', '', '', '', '', '', '', 'B550', '', '', 42382),
(75731, 'Toshiba ', '', '', '', '', '', '4000', '7200', '', '', '', '', 34207),
(75817, 'Intel', 'Matična ploča', '', '', '', '', '', '', '', 'H470', '', '', 97132),
(75873, 'AMD', 'Grafička kartica', 'AMD Radeon RX 6800', '16GB GDDR6', '', '', '', '', '', '', '', '', 63670),
(76072, 'WD', '', '', '', '', '', '3000', '7200', '', '', '', '', 77534),
(76099, 'WP', '', '', '', '', '', '12000', '7200', '', '', '', '', 84809),
(76127, 'MaxDigitalData', '', '', '', '', '', '1000', '7200', '', '', '', '', 86038),
(76144, 'Sanyo', 'DVD-ROM', '', '', '', '', '', '', '225', '', '', '', 85417),
(76165, 'Intel ', 'Procesor', 'Intel Core i7-7820X', '', '', '', '', '', '', '', '3.6', '8', 33975),
(76488, 'Corsair', 'RAM', '', '', '', 'DDR4', '8', '', '', '', '', '', 75258),
(76506, 'Zion', 'RAM', '', '', '', 'DDR4', '4', '', '', '', '', '', 42721),
(76549, 'AMD ', 'Procesor', 'AMD Ryzen 9 5900X', '', '', '', '', '', '', '', '3.7', '12', 17976),
(76590, 'Simmtronics', 'RAM', '', '', '', 'DDR3', '2', '', '', '', '', '', 52370),
(76614, 'A-DATA', 'RAM', '', '', '', 'DDR3', '8', '', '', '', '', '', 85417),
(76702, 'Nvidia', 'Grafička kartica', 'Nvidia GeForce GTX 1080', '8GB GDDR5X', '', '', '', '', '', '', '', '', 89099),
(76837, 'TDK', 'DVD-ROM', '', '', '', '', '', '', '163', '', '', '', 67766),
(76849, 'Nvidia', 'Grafička kartica', 'Nvidia GeForce GTX 1080 Ti', '11GB GDDR5X', '', '', '', '', '', '', '', '', 42721),
(76886, 'Simmtronics', 'RAM', '', '', '', 'DDR2', '2', '', '', '', '', '', 71366),
(77032, 'Acer ', 'Monitor', '', '', '34', '', '', '', '', '', '', '', 99694),
(77043, 'InterVideo', 'DVD-ROM', '', '', '', '', '', '', '182', '', '', '', 92652),
(77096, 'AMD ', 'Procesor', 'AMD Threadripper 2950X (GM)', '', '', '', '', '', '', '', '3.5', '16', 2986),
(77222, 'AMD', 'Matična ploča', '', '', '', '', '', '', '', 'X300', '', '', 38807),
(77328, 'LG UltraGear', 'Monitor', '', '', '38', '', '', '', '', '', '', '', 92652),
(77517, 'G-Technology', '', '', '', '', '', '500', '7200', '', '', '', '', 47320),
(77555, 'Nvidia', 'Grafička kartica', 'Nvidia GeForce RTX 3090', '24GB GDDR6X', '', '', '', '', '', '', '', '', 63545),
(77687, 'Stargate', '', '', '', '', '', '1000', '5400', '', '', '', '', 7056),
(77812, 'MEGAZ', '', '', '', '', '', '3000', '7200', '', '', '', '', 25504),
(77889, 'Intel', 'Matična ploča', '', '', '', '', '', '', '', 'B365', '', '', 25504),
(77983, 'Gigabyte', 'Matična ploča', '', '', '', '', '', '', '', 'H570', '', '', 22958),
(78024, 'Intel', 'Procesor', 'Intel Core i9-11900K', '', '', '', '', '', '', '', '3.5', '8', 95832),
(78077, 'Nvidia', 'Grafička kartica', 'Nvidia GeForce RTX 2080', '8GB GDDR6', '', '', '', '', '', '', '', '', 61733),
(78080, 'Kingston', 'RAM', '', '', '', 'DDR2', '2', '', '', '', '', '', 86211),
(78081, 'Acer ', 'Monitor', '', '', '34', '', '', '', '', '', '', '', 84809),
(78091, 'Nvidia', 'Grafička kartica', 'Nvidia GeForce RTX 3090', '24GB GDDR6X', '', '', '', '', '', '', '', '', 17976),
(78116, 'Asus ', 'Monitor', '', '', '27', '', '', '', '', '', '', '', 35317),
(78226, 'Samsung ', 'Monitor', '', '', '32', '', '', '', '', '', '', '', 94783),
(78242, 'Silicon Power', 'RAM', '', '', '', 'DDR2', '8', '', '', '', '', '', 76626),
(78261, 'Intel', 'Grafička kartica', 'Intel UHD Graphics 630 (i7-10700K)', '8GB GDDR5X', '', '', '', '', '', '', '', '', 52975),
(78287, 'Nvidia', 'Grafička kartica', 'Nvidia GeForce GTX 1080 Ti', '11GB GDDR5X', '', '', '', '', '', '', '', '', 42382),
(78319, 'AMD', 'Matična ploča', '', '', '', '', '', '', '', 'A300', '', '', 85417),
(78406, 'Alienware ', 'Monitor', '', '', '34', '', '', '', '', '', '', '', 64575),
(78566, 'Intel ', 'Procesor', 'Intel Core i7-7700K', '', '', '', '', '', '', '', '4.2', '4', 46350),
(78584, 'Kingston', 'RAM', '', '', '', 'DDR3', '4', '', '', '', '', '', 97132),
(78595, 'G.Skill', 'RAM', '', '', '', 'DDR2', '16', '', '', '', '', '', 47586),
(78628, 'Creative', 'DVD-ROM', '', '', '', '', '', '', '234', '', '', '', 37694),
(78706, 'AMD ', 'Procesor', 'AMD Ryzen 9 3950X', '', '', '', '', '', '', '', '3.5', '16', 38312),
(78718, 'AMD', 'Grafička kartica', 'AMD Radeon RX 6800', '16GB GDDR6', '', '', '', '', '', '', '', '', 97132),
(78849, 'Archos', 'DVD-ROM', '', '', '', '', '', '', '160', '', '', '', 97132),
(78911, 'AMD ', 'Procesor', 'AMD Ryzen 5 2603', '', '', '', '', '', '', '', '3.4', '6', 18665),
(78947, 'OWC', '', '', '', '', '', '240', '5400', '', '', '', '', 97520),
(79169, 'Gigabyte', 'Matična ploča', '', '', '', '', '', '', '', 'H570', '', '', 40326),
(79297, 'Asus ', 'Monitor', '', '', '43', '', '', '', '', '', '', '', 58673),
(79488, 'G-Technology', '', '', '', '', '', '500', '7200', '', '', '', '', 2986),
(79563, 'Nvidia', 'Grafička kartica', 'Nvidia GeForce RTX 2070', '8GB GDDR6', '', '', '', '', '', '', '', '', 85417),
(79566, 'Asus ', 'Monitor', '', '', '27', '', '', '', '', '', '', '', 8301),
(79601, 'Plextor', 'DVD-ROM', '', '', '', '', '', '', '199', '', '', '', 77350),
(79620, 'Intel', 'Matična ploča', '', '', '', '', '', '', '', 'H470', '', '', 16466),
(79625, 'ASRock', 'Matična ploča', '', '', '', '', '', '', '', 'A520', '', '', 32872),
(79692, 'Kingston', 'RAM', '', '', '', 'DDR3', '8', '', '', '', '', '', 96950),
(79737, 'I/O Magic', 'DVD-ROM', '', '', '', '', '', '', '206', '', '', '', 40526),
(79739, 'Corsair', 'RAM', '', '', '', 'DDR4', '8', '', '', '', '', '', 96030),
(79777, 'GoldStar', 'DVD-ROM', '', '', '', '', '', '', '163', '', '', '', 60312),
(79791, 'MSI ', 'Monitor', '', '', '27', '', '', '', '', '', '', '', 88497),
(79794, 'Asus ', 'Monitor', '', '', '27', '', '', '', '', '', '', '', 34925),
(79817, 'Kingston', 'RAM', '', '', '', 'DDR4', '8', '', '', '', '', '', 94783),
(79824, 'Asus ', 'Monitor', '', '', '27', '', '', '', '', '', '', '', 5733),
(79867, 'AMD ', 'Procesor', 'AMD Ryzen 7 2700X', '', '', '', '', '', '', '', '3.7', '8', 84475),
(80012, 'MEGAZ', '', '', '', '', '', '3000', '7200', '', '', '', '', 59355),
(80052, 'Asus', 'DVD-ROM', '', '', '', '', '', '', '160', '', '', '', 34925),
(80154, 'WD', '', '', '', '', '', '3000', '7200', '', '', '', '', 26767),
(80377, 'Addonics', 'DVD-ROM', '', '', '', '', '', '', '199', '', '', '', 98605),
(80572, 'Toshiba ', '', '', '', '', '', '10000', '7200', '', '', '', '', 87431);
INSERT INTO `komponenta` (`idkomponenta`, `ime_proizvodjaca`, `tip_komponente`, `ime`, `kolicina_memorije`, `dimenzija`, `tip`, `kapacitet`, `brzina_obrtaja`, `brzina`, `cipset`, `frekvencija`, `broj_jezgara`, `racunar_idracunara`) VALUES
(80782, 'Nvidia', 'Grafička kartica', 'Nvidia GeForce RTX 3070 Ti', '8GB GDDR6X', '', '', '', '', '', '', '', '', 30650),
(80824, 'Nvidia', 'Grafička kartica', 'Nvidia GeForce RTX 2070', '8GB GDDR6', '', '', '', '', '', '', '', '', 96880),
(80855, 'Corsair', 'RAM', '', '', '', 'DDR4', '8', '', '', '', '', '', 68627),
(80992, 'Gigabyte', 'Matična ploča', '', '', '', '', '', '', '', 'Z390', '', '', 22852),
(81087, 'Gigabyte', 'Matična ploča', '', '', '', '', '', '', '', 'Z390', '', '', 8301),
(81164, 'Adata', 'RAM', '', '', '', 'DDR4', '2', '', '', '', '', '', 5733),
(81238, 'LG Electronics', 'DVD-ROM', '', '', '', '', '', '', '233', '', '', '', 67661),
(81306, 'Creative', 'DVD-ROM', '', '', '', '', '', '', '234', '', '', '', 48805),
(81344, 'Corsair', 'RAM', '', '', '', 'DDR3', '8', '', '', '', '', '', 46175),
(81405, 'Intel', 'Matična ploča', '', '', '', '', '', '', '', 'Z390', '', '', 38312),
(81409, 'Transcend', 'RAM', '', '', '', 'DDR3', '8', '', '', '', '', '', 87431),
(81619, 'ASRock', 'Matična ploča', '', '', '', '', '', '', '', 'A520', '', '', 67591),
(81940, 'Kingston', 'RAM', '', '', '', 'DDR3', '4', '', '', '', '', '', 3375),
(82018, 'Nvidia', 'Grafička kartica', 'Nvidia GeForce RTX 3070', '8GB GDDR6', '', '', '', '', '', '', '', '', 35317),
(82044, 'Kingston', 'RAM', '', '', '', 'DDR4', '8', '', '', '', '', '', 37080),
(82103, 'Kanguru', 'DVD-ROM', '', '', '', '', '', '', '181', '', '', '', 46622),
(82109, 'Nvidia', 'Grafička kartica', 'Nvidia Titan Xp', '12GB GDDR5X', '', '', '', '', '', '', '', '', 69808),
(82246, 'Intel', 'Matična ploča', '', '', '', '', '', '', '', 'H370', '', '', 46513),
(82359, 'Alienware', 'Monitor', '', '', '55', '', '', '', '', '', '', '', 42399),
(82727, 'Intel', 'Procesor', 'Intel Core i9-11900K', '', '', '', '', '', '', '', '3.5', '8', 22852),
(82729, 'Transcend', 'RAM', '', '', '', 'DDR3', '8', '', '', '', '', '', 22958),
(82850, 'Samsung ', 'Monitor', '', '', '32', '', '', '', '', '', '', '', 95711),
(82860, 'Nvidia', 'Grafička kartica', 'Nvidia GeForce RTX 3060 Ti', '8GB GDDR6', '', '', '', '', '', '', '', '', 15630),
(83086, 'AMD', 'Grafička kartica', 'AMD Radeon RX 6700 XT', '12GB GDDR6', '', '', '', '', '', '', '', '', 77893),
(83204, 'Zoran', 'DVD-ROM', '', '', '', '', '', '', '161', '', '', '', 24223),
(83235, 'I/O Magic', 'DVD-ROM', '', '', '', '', '', '', '206', '', '', '', 56034),
(83244, 'Intel', 'Matična ploča', '', '', '', '', '', '', '', 'B365', '', '', 52527),
(83247, 'Intel ', 'Procesor', 'Intel Core i3-10103', '', '', '', '', '', '', '', '3.6', '4', 46513),
(83250, 'I/O Magic', 'DVD-ROM', '', '', '', '', '', '', '206', '', '', '', 22958),
(83314, 'SK Hynix', 'RAM', '', '', '', 'DDR2', '2', '', '', '', '', '', 4944),
(83369, 'Nvidia', 'Grafička kartica', 'Nvidia GeForce RTX 2070', '11GB GDDR5X', '', '', '', '', '', '', '', '', 95889),
(83407, 'Simmtronics', 'RAM', '', '', '', 'DDR2', '2', '', '', '', '', '', 88497),
(83479, 'Intel', 'Matična ploča', '', '', '', '', '', '', '', 'B560', '', '', 97113),
(83484, 'Nvidia', 'Grafička kartica', 'Nvidia GeForce RTX 2074', '11GB GDDR5X', '', '', '', '', '', '', '', '', 81873),
(83505, 'Acer ', 'Monitor', '', '', '43', '', '', '', '', '', '', '', 2986),
(83548, 'EVM', 'RAM', '', '', '', 'DDR3', '4', '', '', '', '', '', 67766),
(83638, 'AMD ', 'Procesor', 'AMD Threadripper 2990WX (GM)', '', '', '', '', '', '', '', '3', '32', 74760),
(83683, 'Nvidia', 'Grafička kartica', 'Nvidia GeForce RTX 3070', '8GB GDDR6', '', '', '', '', '', '', '', '', 5733),
(83708, 'ViewSonic', 'Monitor', '', '', '27', '', '', '', '', '', '', '', 93207),
(83958, 'Razer', 'Monitor', '', '', '27', '', '', '', '', '', '', '', 61108),
(84024, 'Seagate ', '', '', '', '', '', '2000', '7200', '', '', '', '', 52512),
(84143, 'Intel', 'Procesor', 'Intel W-3175X', '', '', '', '', '', '', '', '3.1', '28', 63670),
(84194, 'Intel ', 'Procesor', 'Intel Core i3-10104', '', '', '', '', '', '', '', '3.6', '4', 71159),
(84326, 'Intel', 'Matična ploča', '', '', '', '', '', '', '', 'Z590', '', '', 79150),
(84379, 'Panasonic', 'DVD-ROM', '', '', '', '', '', '', '164', '', '', '', 72596),
(84384, 'Kingston', 'RAM', '', '', '', 'DDR3', '4', '', '', '', '', '', 38312),
(84406, 'LITE-ON', 'DVD-ROM', '', '', '', '', '', '', '240', '', '', '', 64575),
(84439, 'Nvidia', 'Grafička kartica', 'Nvidia Titan RTX', '24GB GDDR6', '', '', '', '', '', '', '', '', 26767),
(84488, 'AMD', 'Grafička kartica', 'AMD Radeon RX 5700', '8GB GDDR6', '', '', '', '', '', '', '', '', 76626),
(84562, 'Plextor', 'DVD-ROM', '', '', '', '', '', '', '199', '', '', '', 47320),
(84577, 'AMD', 'Matična ploča', '', '', '', '', '', '', '', 'B550', '', '', 18996),
(84817, 'Kingston', 'RAM', '', '', '', 'DDR2', '2', '', '', '', '', '', 84062),
(84889, 'Intel ', 'Procesor', 'Intel Core i9-7900X', '', '', '', '', '', '', '', '3.3', '10', 69808),
(84903, 'Toshiba ', '', '', '', '', '', '500', '5400', '', '', '', '', 27286),
(84906, 'JVC', 'DVD-ROM', '', '', '', '', '', '', '242', '', '', '', 94783),
(85187, 'Margi', 'DVD-ROM', '', '', '', '', '', '', '190', '', '', '', 35979),
(85258, 'Nvidia', 'Grafička kartica', 'Nvidia GeForce RTX 3091', '24GB GDDR6X', '', '', '', '', '', '', '', '', 61108),
(85262, 'SK Hynix', 'RAM', '', '', '', 'DDR2', '2', '', '', '', '', '', 67661),
(85265, 'AMD ', 'Procesor', 'AMD Ryzen 9 5900X', '', '', '', '', '', '', '', '3.7', '12', 11393),
(85308, 'Intel', 'Matična ploča', '', '', '', '', '', '', '', 'H470', '', '', 3375),
(85355, 'G-Technology', '', '', '', '', '', '500', '7200', '', '', '', '', 38807),
(85461, 'Nvidia', 'Grafička kartica', 'Nvidia GeForce RTX 3060 12GB', '12GB GDDR10', '', '', '', '', '', '', '', '', 38807),
(85625, 'HP', 'RAM', '', '', '', 'DDR3', '4', '', '', '', '', '', 27286),
(85722, 'Intel ', 'Procesor', 'Intel Core i3-10101', '', '', '', '', '', '', '', '3.6', '4', 99694),
(85737, 'Panasonic', 'DVD-ROM', '', '', '', '', '', '', '164', '', '', '', 35688),
(85778, 'OWC', '', '', '', '', '', '240', '5400', '', '', '', '', 42382),
(85941, 'Creative', 'DVD-ROM', '', '', '', '', '', '', '234', '', '', '', 23347),
(85972, 'Intel ', 'Procesor', 'Intel Core i5-10600K', '', '', '', '', '', '', '', '4.1', '6', 23347),
(86044, 'MaxDigitalData', '', '', '', '', '', '1000', '7200', '', '', '', '', 32492),
(86073, 'Samsung', 'RAM', '', '', '', 'DDR4', '2', '', '', '', '', '', 23347),
(86137, 'Iiyama', 'Monitor', '', '', '34', '', '', '', '', '', '', '', 75324),
(86265, 'AMD ', 'Procesor', 'AMD Ryzen 7 4750G*', '', '', '', '', '', '', '', '3.8', '8', 79898),
(86307, 'Intel', 'Matična ploča', '', '', '', '', '', '', '', 'Z390', '', '', 22581),
(86344, 'Nvidia', 'Grafička kartica', 'Nvidia GeForce RTX 3090', '24GB GDDR6X', '', '', '', '', '', '', '', '', 84062),
(86397, 'AMD', 'Matična ploča', '', '', '', '', '', '', '', 'X399', '', '', 18665),
(86536, 'MSI ', 'Monitor', '', '', '27', '', '', '', '', '', '', '', 30650),
(86549, 'ViewSonic', 'Monitor', '', '', '24', '', '', '', '', '', '', '', 22958),
(86570, 'HP', 'DVD-ROM', '', '', '', '', '', '', '239', '', '', '', 83107),
(86630, 'Asus ', 'Monitor', '', '', '27', '', '', '', '', '', '', '', 80761),
(86826, 'Intel', 'Matična ploča', '', '', '', '', '', '', '', 'B460', '', '', 7314),
(86886, 'Intel ', 'Procesor', 'Intel Core i9-7980XE', '', '', '', '', '', '', '', '2.6', '18', 17143),
(86890, 'Asus', 'Matična ploča', '', '', '', '', '', '', '', 'B550', '', '', 10239),
(86919, 'Stargate', '', '', '', '', '', '1000', '5400', '', '', '', '', 31651),
(86920, 'Transcend', 'RAM', '', '', '', 'DDR3', '4', '', '', '', '', '', 35979),
(86926, 'Panasonic', 'DVD-ROM', '', '', '', '', '', '', '164', '', '', '', 10239),
(87050, 'Seagate ', '', '', '', '', '', '500', '5400', '', '', '', '', 15593),
(87112, 'Seagate ', '', '', '', '', '', '1000', '7200', '', '', '', '', 67233),
(87128, 'JVC', 'DVD-ROM', '', '', '', '', '', '', '242', '', '', '', 19157),
(87283, 'Seagate ', '', '', '', '', '', '500', '5400', '', '', '', '', 12458),
(87310, 'Samsung ', 'Monitor', '', '', '32', '', '', '', '', '', '', '', 60312),
(87431, 'JVC', 'DVD-ROM', '', '', '', '', '', '', '242', '', '', '', 37080),
(87486, 'Intel', 'Matična ploča', '', '', '', '', '', '', '', 'Z370', '', '', 5733),
(87502, 'HP', 'Monitor', '', '', '24', '', '', '', '', '', '', '', 22581),
(87549, 'Porsche ', 'Monitor', '', '', '27', '', '', '', '', '', '', '', 10239),
(87623, 'Nvidia', 'Grafička kartica', 'Nvidia GeForce RTX 3090', '24GB GDDR6X', '', '', '', '', '', '', '', '', 28085),
(87642, 'Intel ', 'Procesor', 'Intel Core i5-7600K', '', '', '', '', '', '', '', '3.8', '4', 52975),
(87746, 'Samsung', 'RAM', '', '', '', 'DDR2', '2', '', '', '', '', '', 35812),
(87766, 'Adaptec', 'DVD-ROM', '', '', '', '', '', '', '241', '', '', '', 68309),
(87880, 'AMD ', 'Procesor', 'AMD Ryzen 7 5700G*', '', '', '', '', '', '', '', '3.8', '38', 30650),
(87909, 'AMD', 'Matična ploča', '', '', '', '', '', '', '', 'TRX40', '', '', 19157),
(87919, 'AMD', 'Grafička kartica', 'AMD Radeon RX 5600 XT', '6GB GDDR6', '', '', '', '', '', '', '', '', 18665),
(88071, 'Intel', 'Matična ploča', '', '', '', '', '', '', '', 'H370', '', '', 83107),
(88114, 'Sanyo', 'DVD-ROM', '', '', '', '', '', '', '225', '', '', '', 16632),
(88168, 'MSI ', 'Monitor', '', '', '34', '', '', '', '', '', '', '', 95889),
(88207, 'Creative', 'DVD-ROM', '', '', '', '', '', '', '234', '', '', '', 7314),
(88344, 'Kingston', 'RAM', '', '', '', 'DDR3', '4', '', '', '', '', '', 93624),
(88352, 'AMD ', 'Procesor', 'AMD Threadripper 1900X (GM)', '', '', '', '', '', '', '', '3.8', '8', 22581),
(88468, 'Seagate ', '', '', '', '', '', '14000', '10000', '', '', '', '', 67661),
(88619, 'Acer ', 'Monitor', '', '', '43', '', '', '', '', '', '', '', 77350),
(88664, 'Intel ', 'Procesor', 'Intel Core i9-7900X', '', '', '', '', '', '', '', '3.3', '10', 67661),
(88743, 'Toshiba ', '', '', '', '', '', '10000', '7200', '', '', '', '', 56034),
(88747, 'Asus', 'DVD-ROM', '', '', '', '', '', '', '160', '', '', '', 97088),
(88779, 'Nvidia', 'Grafička kartica', 'Nvidia GeForce RTX 2070', '8GB GDDR6', '', '', '', '', '', '', '', '', 31651),
(88791, 'Nvidia', 'Grafička kartica', 'Nvidia GeForce RTX 3070 Ti', '8GB GDDR6X', '', '', '', '', '', '', '', '', 12458),
(88838, 'Samsung ', 'Monitor', '', '', '49', '', '', '', '', '', '', '', 21753),
(88910, 'AOC', 'Monitor', '', '', '32', '', '', '', '', '', '', '', 85417),
(89036, 'Razer', 'Monitor', '', '', '27', '', '', '', '', '', '', '', 17976),
(89087, 'WD', '', '', '', '', '', '3000', '7200', '', '', '', '', 52351),
(89099, 'Addonics', 'DVD-ROM', '', '', '', '', '', '', '199', '', '', '', 33210),
(89104, 'AMD ', 'Procesor', 'AMD Threadripper 3970X', '', '', '', '', '', '', '', '3.7', '32', 35317),
(89205, 'AMD ', 'Procesor', 'AMD Threadripper 2950X (GM)', '', '', '', '', '', '', '', '3.5', '16', 77350),
(89346, 'Simmtronics', 'RAM', '', '', '', 'DDR3', '2', '', '', '', '', '', 12458),
(89474, 'AMD ', 'Procesor', 'AMD Ryzen 9 3950X', '', '', '', '', '', '', '', '3.5', '16', 93624),
(89889, 'Kingston', 'RAM', '', '', '', 'DDR3', '8', '', '', '', '', '', 41463),
(89895, 'Simmtronics', 'RAM', '', '', '', 'DDR3', '2', '', '', '', '', '', 99694),
(89911, 'Intel', 'Matična ploča', '', '', '', '', '', '', '', 'Z590', '', '', 17976),
(89936, 'Asus ', 'Monitor', '', '', '27', '', '', '', '', '', '', '', 623),
(89986, 'AMD', 'Grafička kartica', 'AMD Radeon RX 6800 XT', '16GB GDDR6', '', '', '', '', '', '', '', '', 4944),
(90027, 'Intel ', 'Procesor', 'Intel Core i5-7600K', '', '', '', '', '', '', '', '3.8', '4', 14682),
(90079, 'JVC', 'DVD-ROM', '', '', '', '', '', '', '242', '', '', '', 41459),
(90083, 'Nvidia', 'Grafička kartica', 'Nvidia GeForce RTX 3070', '8GB GDDR6', '', '', '', '', '', '', '', '', 63999),
(90102, 'Intel ', 'Procesor', 'Intel Core i9-7980XE', '', '', '', '', '', '', '', '2.6', '18', 61733),
(90158, 'AMD', 'Grafička kartica', 'AMD Radeon VII', '16GB HBM2', '', '', '', '', '', '', '', '', 46350),
(90161, 'MEGAZ', '', '', '', '', '', '3000', '7200', '', '', '', '', 69265),
(90328, 'ViewSonic', 'Monitor', '', '', '24', '', '', '', '', '', '', '', 40526),
(90394, 'Asus', 'Matična ploča', '', '', '', '', '', '', '', 'B550', '', '', 93515),
(90502, 'Samsung ', 'Monitor', '', '', '32', '', '', '', '', '', '', '', 93624),
(90583, 'Nvidia', 'Grafička kartica', 'Nvidia GeForce RTX 2080', '8GB GDDR6', '', '', '', '', '', '', '', '', 46175),
(90585, 'Intel', 'Procesor', 'Intel W-3175X', '', '', '', '', '', '', '', '3.1', '28', 58673),
(90664, 'Nvidia', 'Grafička kartica', 'Nvidia GeForce GTX 1080 Ti', '11GB GDDR5X', '', '', '', '', '', '', '', '', 10239),
(90698, 'Asus ', 'Monitor', '', '', '27', '', '', '', '', '', '', '', 50657),
(90701, 'Asus ', 'Monitor', '', '', '27', '', '', '', '', '', '', '', 63999),
(90734, 'AMD', 'Matična ploča', '', '', '', '', '', '', '', 'X399', '', '', 86038),
(90848, 'Adaptec', 'DVD-ROM', '', '', '', '', '', '', '241', '', '', '', 42399),
(90936, 'Intel', 'Matična ploča', '', '', '', '', '', '', '', 'B365', '', '', 59355),
(90966, 'AMD', 'Grafička kartica', 'AMD Radeon RX Vega 64', '8GB HBM2', '', '', '', '', '', '', '', '', 67766),
(90986, 'AMD ', 'Procesor', 'AMD Ryzen 7 2700X', '', '', '', '', '', '', '', '3.7', '8', 80862),
(91131, 'Asus', 'DVD-ROM', '', '', '', '', '', '', '160', '', '', '', 8301),
(91334, 'G.Skill', 'RAM', '', '', '', 'DDR2', '16', '', '', '', '', '', 14521),
(91350, 'ASRock', 'Matična ploča', '', '', '', '', '', '', '', 'A520', '', '', 54932),
(91354, 'LITE-ON', 'DVD-ROM', '', '', '', '', '', '', '240', '', '', '', 96950),
(91471, 'MaxDigitalData', '', '', '', '', '', '8000', '7200', '', '', '', '', 44971),
(91546, 'Gigabyte', 'Matična ploča', '', '', '', '', '', '', '', 'Z390', '', '', 95566),
(91690, 'Nvidia', 'Grafička kartica', 'Nvidia GeForce GTX 1080 Ti', '11GB GDDR5X', '', '', '', '', '', '', '', '', 93515),
(91703, 'Nvidia', 'Grafička kartica', 'Nvidia GeForce RTX 2080 Super', '8GB GDDR6', '', '', '', '', '', '', '', '', 19157),
(91738, 'HP', 'Monitor', '', '', '24', '', '', '', '', '', '', '', 25959),
(91883, 'WP', '', '', '', '', '', '6000', '7200', '', '', '', '', 2703),
(91953, 'Intel ', 'Procesor', 'Intel Core i7-7820X', '', '', '', '', '', '', '', '3.6', '8', 52887),
(92156, 'Gigabyte', 'Matična ploča', '', '', '', '', '', '', '', 'H570', '', '', 40526),
(92205, 'SK Hynix', 'RAM', '', '', '', 'DDR3', '4', '', '', '', '', '', 95832),
(92335, 'Viotek', 'Monitor', '', '', '49', '', '', '', '', '', '', '', 15615),
(92341, 'Nvidia', 'Grafička kartica', 'Nvidia GeForce RTX 3080', '10GB GDDR6X', '', '', '', '', '', '', '', '', 98605),
(92357, 'Intel', 'Procesor', 'Intel Core i9-11900K', '', '', '', '', '', '', '', '3.5', '8', 623),
(92493, 'Toshiba', 'DVD-ROM', '', '', '', '', '', '', '205', '', '', '', 77780),
(92698, 'Intel', 'Matična ploča', '', '', '', '', '', '', '', 'Z490', '', '', 21709),
(92746, 'AMD', 'Matična ploča', '', '', '', '', '', '', '', 'X300', '', '', 47320),
(93236, 'Gigabyte', 'Matična ploča', '', '', '', '', '', '', '', 'H570', '', '', 80862),
(93283, 'AMD', 'Matična ploča', '', '', '', '', '', '', '', 'B450', '', '', 14521),
(93326, 'WD', '', '', '', '', '', '500', '5400', '', '', '', '', 42399),
(93498, 'BenQ', 'DVD-ROM', '', '', '', '', '', '', '228', '', '', '', 12458),
(93565, 'Creative', 'DVD-ROM', '', '', '', '', '', '', '234', '', '', '', 34616),
(93706, 'Toshiba', 'DVD-ROM', '', '', '', '', '', '', '205', '', '', '', 18665),
(93748, 'AMD ', 'Procesor', 'AMD Threadripper 2950X (GM)', '', '', '', '', '', '', '', '3.5', '16', 38807),
(93794, 'HITACHI', '', '', '', '', '', '120', '7200', '', '', '', '', 52887),
(93894, 'Intel ', 'Procesor', 'Intel Core i7-7800X', '', '', '', '', '', '', '', '3.5', '6', 37046),
(93966, 'WP', '', '', '', '', '', '12000', '7200', '', '', '', '', 46513),
(94079, 'WD', '', '', '', '', '', '250', '7200', '', '', '', '', 48767),
(94241, 'HP', 'DVD-ROM', '', '', '', '', '', '', '239', '', '', '', 84809),
(94247, 'LG UltraGear', 'Monitor', '', '', '38', '', '', '', '', '', '', '', 86728),
(94673, 'MEGAZ', '', '', '', '', '', '3000', '7200', '', '', '', '', 14682),
(94759, 'LG', 'DVD-ROM', '', '', '', '', '', '', '160', '', '', '', 84062),
(94837, 'LITE-ON', 'DVD-ROM', '', '', '', '', '', '', '139', '', '', '', 96030),
(94866, 'AMD ', 'Procesor', 'AMD Ryzen 7 2700', '', '', '', '', '', '', '', '3.2', '8', 76626),
(94867, 'Corsair', 'RAM', '', '', '', 'DDR4', '8', '', '', '', '', '', 93207),
(94869, 'G-Technology', '', '', '', '', '', '4000', '5400', '', '', '', '', 95711),
(94926, 'MSI ', 'Monitor', '', '', '27', '', '', '', '', '', '', '', 22674),
(95015, 'Asus ', 'Monitor', '', '', '27', '', '', '', '', '', '', '', 34207),
(95226, 'Intel ', 'Procesor', 'Intel Core i9-7980XE', '', '', '', '', '', '', '', '2.6', '18', 46175),
(95321, 'Intel ', 'Procesor', 'Intel Core i3-10102', '', '', '', '', '', '', '', '3.6', '4', 77893),
(95326, 'Toshiba ', '', '', '', '', '', '4000', '7200', '', '', '', '', 72689),
(95428, 'AMD', 'Procesor', 'AMD Ryzen 7 5800X', '', '', '', '', '', '', '', '3.8', '8', 68627),
(95470, 'Transcend', 'RAM', '', '', '', 'DDR3', '4', '', '', '', '', '', 55899),
(95517, 'Adata', 'RAM', '', '', '', 'DDR4', '4', '', '', '', '', '', 92652),
(95599, 'AMD ', 'Procesor', 'AMD Ryzen 9 5900X', '', '', '', '', '', '', '', '3.7', '12', 99345),
(95604, 'Kingston', 'RAM', '', '', '', 'DDR4', '8', '', '', '', '', '', 41459),
(95632, 'Asus ', 'Monitor', '', '', '43', '', '', '', '', '', '', '', 3375),
(95656, 'Pioneer', 'DVD-ROM', '', '', '', '', '', '', '201', '', '', '', 84781),
(95722, 'WP', '', '', '', '', '', '6000', '7200', '', '', '', '', 76626),
(95771, 'Archos', 'DVD-ROM', '', '', '', '', '', '', '160', '', '', '', 63670),
(95981, 'AMD ', 'Procesor', 'AMD Ryzen 9 5900X', '', '', '', '', '', '', '', '3.7', '12', 86211),
(96211, 'Niexus', 'Monitor', '', '', '27', '', '', '', '', '', '', '', 67591),
(96414, 'LG', 'DVD-ROM', '', '', '', '', '', '', '160', '', '', '', 17053),
(96481, 'Asus', 'Matična ploča', '', '', '', '', '', '', '', 'Z390', '', '', 76626),
(96519, 'AMD', 'Matična ploča', '', '', '', '', '', '', '', 'B450', '', '', 52887),
(96564, 'Seagate ', '', '', '', '', '', '2000', '7200', '', '', '', '', 79150),
(96607, 'AMD', 'Grafička kartica', 'AMD Radeon RX Vega 64', '8GB HBM2', '', '', '', '', '', '', '', '', 30559),
(96675, 'Intel', 'Matična ploča', '', '', '', '', '', '', '', 'Z590', '', '', 61108),
(96705, 'Zoran', 'DVD-ROM', '', '', '', '', '', '', '161', '', '', '', 25409),
(96724, 'Toshiba', 'DVD-ROM', '', '', '', '', '', '', '205', '', '', '', 92624),
(96737, 'G-Technology', '', '', '', '', '', '4000', '5400', '', '', '', '', 93195),
(96757, 'Intel', 'Matična ploča', '', '', '', '', '', '', '', 'H410', '', '', 60547),
(96777, 'Kanguru', 'DVD-ROM', '', '', '', '', '', '', '181', '', '', '', 17143),
(97091, 'GoldStar', 'DVD-ROM', '', '', '', '', '', '', '163', '', '', '', 38312),
(97109, 'InterVideo', 'DVD-ROM', '', '', '', '', '', '', '182', '', '', '', 79898),
(97123, 'AMD ', 'Procesor', 'AMD Threadripper 3970X', '', '', '', '', '', '', '', '3.7', '32', 1523),
(97174, 'AOC', 'Monitor', '', '', '32', '', '', '', '', '', '', '', 31651),
(97219, 'Zion', 'RAM', '', '', '', 'DDR4', '4', '', '', '', '', '', 97520),
(97221, 'Nvidia', 'Grafička kartica', 'Nvidia GeForce RTX 2060 Super', '8GB GDDR6', '', '', '', '', '', '', '', '', 27286),
(97243, 'AOC', 'Monitor', '', '', '32', '', '', '', '', '', '', '', 96880),
(97278, 'Samsung', 'RAM', '', '', '', 'DDR2', '16', '', '', '', '', '', 32492),
(97286, 'Seagate ', '', '', '', '', '', '500', '5400', '', '', '', '', 88497),
(97289, 'EVM', 'RAM', '', '', '', 'DDR4', '16', '', '', '', '', '', 15615),
(97356, 'MEGAZ', '', '', '', '', '', '3000', '7200', '', '', '', '', 52975),
(97472, 'ASRock', 'Matična ploča', '', '', '', '', '', '', '', 'A520', '', '', 89099),
(97484, 'Zion', 'RAM', '', '', '', 'DDR4', '4', '', '', '', '', '', 10239),
(97502, 'Iiyama', 'Monitor', '', '', '34', '', '', '', '', '', '', '', 69265),
(97548, 'Alienware ', 'Monitor', '', '', '34', '', '', '', '', '', '', '', 96950),
(97715, 'Seagate ', '', '', '', '', '', '14000', '10000', '', '', '', '', 18996),
(97803, 'Yamaha', 'DVD-ROM', '', '', '', '', '', '', '210', '', '', '', 41463),
(98001, 'Intel', 'Procesor', 'Intel Core i9-11900K', '', '', '', '', '', '', '', '3.5', '8', 34925),
(98042, 'Intel', 'Matična ploča', '', '', '', '', '', '', '', 'H370', '', '', 46657),
(98329, 'AOC', 'Monitor', '', '', '32', '', '', '', '', '', '', '', 7056),
(98387, 'CrossLCD', 'Monitor', '', '', '32', '', '', '', '', '', '', '', 32484),
(98451, 'AMD', 'Matična ploča', '', '', '', '', '', '', '', 'X399', '', '', 77780),
(98453, 'Nvidia', 'Grafička kartica', 'Nvidia GeForce RTX 2080 Ti', '11GB GDDR6', '', '', '', '', '', '', '', '', 95711),
(98582, 'Panasonic', 'DVD-ROM', '', '', '', '', '', '', '164', '', '', '', 93515),
(98586, 'Nvidia', 'Grafička kartica', 'Nvidia GeForce RTX 2070 Super', '8GB GDDR6', '', '', '', '', '', '', '', '', 6312),
(98640, 'Intel', 'Matična ploča', '', '', '', '', '', '', '', 'B365', '', '', 24223),
(98691, 'BenQ', 'DVD-ROM', '', '', '', '', '', '', '228', '', '', '', 71366),
(98774, 'Razer', 'Monitor', '', '', '27', '', '', '', '', '', '', '', 99345),
(98857, 'Sigma Designs', 'DVD-ROM', '', '', '', '', '', '', '235', '', '', '', 2703),
(98880, 'Intel', 'Procesor', 'Intel Core i9-11900K', '', '', '', '', '', '', '', '3.5', '8', 80761),
(98975, 'Viotek', 'Monitor', '', '', '49', '', '', '', '', '', '', '', 14682),
(99038, 'Intel', 'Matična ploča', '', '', '', '', '', '', '', 'H370', '', '', 84809),
(99158, 'Silicon Power', 'RAM', '', '', '', 'DDR2', '8', '', '', '', '', '', 66365),
(99257, 'Nvidia', 'Grafička kartica', 'Nvidia Titan Xp', '12GB GDDR5X', '', '', '', '', '', '', '', '', 49973),
(99343, 'Dell ', 'Monitor', '', '', '27', '', '', '', '', '', '', '', 67233),
(99432, 'AMD ', 'Procesor', 'AMD Ryzen 9 5900X', '', '', '', '', '', '', '', '3.7', '12', 84062),
(99435, 'Intel', 'Matična ploča', '', '', '', '', '', '', '', 'H510', '', '', 26177),
(99618, 'Seagate ', '', '', '', '', '', '2000', '7200', '', '', '', '', 61108),
(99772, 'Intel', 'Matična ploča', '', '', '', '', '', '', '', 'Z370', '', '', 63999),
(99976, 'BenQ', 'DVD-ROM', '', '', '', '', '', '', '228', '', '', '', 87863),
(99986, 'AMD ', 'Procesor', 'AMD Threadripper 2990WX (GM)', '', '', '', '', '', '', '', '3', '32', 93515);

-- --------------------------------------------------------

--
-- Table structure for table `mjesto`
--

CREATE TABLE `mjesto` (
  `ptt` int(11) NOT NULL,
  `naziv` varchar(100) NOT NULL
) ENGINE=InnoDB DEFAULT CHARSET=utf8;

--
-- RELATIONSHIPS FOR TABLE `mjesto`:
--

--
-- Dumping data for table `mjesto`
--

INSERT INTO `mjesto` (`ptt`, `naziv`) VALUES
(70206, 'Jezero'),
(70260, 'Mrkonjić Grad'),
(70270, 'Šipovo'),
(70273, 'Kupres'),
(71123, 'Istočno Sarajevo'),
(71126, 'Istočno Novo Sarajevo'),
(71144, 'Istočni Stari Grad'),
(71216, 'Istočna Ilidža'),
(71220, 'Trnovo'),
(71230, 'Kalinovik'),
(71350, 'Sokolac'),
(71360, 'Han Pijesak'),
(71420, 'Pale'),
(73110, 'Novo Goražde'),
(73220, 'Rogatica'),
(73240, 'Višegrad'),
(73260, 'Rudo'),
(73280, 'Čajniče'),
(73301, 'Foča'),
(74101, 'Doboj'),
(74208, 'Stanari'),
(74270, 'Teslić'),
(74317, 'Petrovo'),
(74400, 'Derventa'),
(74450, 'Brod'),
(74470, 'Vukosavlje'),
(74480, 'Modriča'),
(75240, 'Lopare'),
(75400, 'Zvornik'),
(75406, 'Osmaci'),
(75420, 'Bratunac'),
(75430, 'Srebrenica'),
(75440, 'Vlasenica'),
(75446, 'Milići'),
(75450, 'Šekovići'),
(76101, 'Brčko'),
(76230, 'Šamac'),
(76256, 'Pelagićevo'),
(76273, 'Donji Žabar'),
(76300, 'Bijeljina'),
(76330, 'Ugljevik'),
(78101, 'Banjaluka'),
(78220, 'Kotor Varoš'),
(78230, 'Kneževo'),
(78240, 'Čelinac'),
(78250, 'Laktaši'),
(78400, 'Gradiška'),
(78420, 'Srbac'),
(78430, 'Prnjavor'),
(79101, 'Prijedor'),
(79220, 'Novi Grad'),
(79224, 'Kostajnica'),
(79227, 'Krupa na Uni'),
(79240, 'Kozarska Dubica'),
(79263, 'Oštra Luka'),
(79288, 'Ribnik'),
(79290, 'Petrovac'),
(79291, 'Istočni Drvar'),
(88280, 'Nevesinje'),
(88363, 'Berkovići'),
(88380, 'Ljubinje'),
(89101, 'Trebinje'),
(89230, 'Bileća'),
(89240, 'Gacko');

-- --------------------------------------------------------

--
-- Table structure for table `racun`
--

CREATE TABLE `racun` (
  `idracun` int(11) NOT NULL,
  `usluga_idusluge` int(11) NOT NULL,
  `radnik_idradnika` varchar(13) NOT NULL,
  `igrac_idigrac` int(11) NOT NULL,
  `ukupno_sati` timestamp NOT NULL DEFAULT current_timestamp() ON UPDATE current_timestamp(),
  `ukupna_cijena` double NOT NULL
) ENGINE=InnoDB DEFAULT CHARSET=utf8;

--
-- RELATIONSHIPS FOR TABLE `racun`:
--   `igrac_idigrac`
--       `igrac` -> `idigrac`
--   `radnik_idradnika`
--       `radnik` -> `jmbg`
--   `usluga_idusluge`
--       `usluga` -> `idusluga`
--

-- --------------------------------------------------------

--
-- Table structure for table `racunar`
--

CREATE TABLE `racunar` (
  `broj_racunara` int(11) NOT NULL,
  `mrezno_ime` varchar(45) NOT NULL,
  `igraonica_reg_broj` int(11) NOT NULL
) ENGINE=InnoDB DEFAULT CHARSET=utf8;

--
-- RELATIONSHIPS FOR TABLE `racunar`:
--   `igraonica_reg_broj`
--       `igraonica` -> `reg_broj`
--

--
-- Dumping data for table `racunar`
--

INSERT INTO `racunar` (`broj_racunara`, `mrezno_ime`, `igraonica_reg_broj`) VALUES
(623, 'AllStar_8', 897063916),
(1523, 'Metropolis_9', 602268103),
(2703, 'Anarchy_4', 776870164),
(2986, 'Mreža_4', 649949451),
(3375, 'MeetingPoint_7', 473920565),
(3935, 'Anarchy_3', 776870164),
(4944, 'Kaffa_6', 585988724),
(5733, 'Metropolis_8', 602268103),
(6312, 'FrendlyFire_4', 169182940),
(6728, 'EsspressoLab_4', 597169265),
(7056, 'Mreža_10', 649949451),
(7314, 'EsspressoLab_7', 597169265),
(7922, 'AllStar_4', 897063916),
(8301, 'AllStar_9', 897063916),
(10239, 'LSide_2', 907399502),
(11393, 'AllStar_5', 971027170),
(12458, 'EsspressoLab_2', 597169265),
(12558, 'Mreža_1', 649949451),
(14521, 'LSide_8', 907399502),
(14682, 'CaffeCyber_7', 976984843),
(15593, 'CaffeCyber_3', 976984843),
(15615, 'CaffeCyber_10', 176485870),
(15630, 'Matrix_9', 352334133),
(16466, 'MeetingPoint_10', 473920565),
(16632, 'Mreža_7', 649949451),
(17053, 'AllStar_3', 897063916),
(17143, 'GameCity_3', 151528092),
(17976, 'AllStar_1 ', 264616476),
(18665, 'Dex_9', 388246784),
(18996, 'GameCity_9', 151528092),
(19157, 'GameCaffe007_9', 205700778),
(20665, 'Kaffa_9', 585988724),
(20982, 'AllStar_4', 264616476),
(21709, 'MeetingPoint_3', 473920565),
(21753, 'GameCity_10', 151528092),
(22581, 'Anarchy_10', 776870164),
(22674, 'EsspressoLab_5', 352772045),
(22852, 'AllStar_9', 971027170),
(22958, 'Matrix_6', 580000563),
(23347, 'EsspressoLab_8', 597169265),
(23489, 'LSide_2', 616537866),
(24223, 'CaffeCyber_7', 176485870),
(24660, 'AllStar_4', 971027170),
(25316, 'CaffeCyber_1', 976984843),
(25409, 'CaffeCyber_10', 976984843),
(25504, 'CaffeCyber_8', 176485870),
(25959, 'Anarchy_8', 776870164),
(26177, 'Kaffa_10', 585988724),
(26767, 'EsspressoLab_7', 352772045),
(27286, 'Anarchy_7', 776870164),
(28085, 'AllStar_1 ', 897063916),
(28593, 'GameCaffe007_3', 205700778),
(30559, 'Dex_1', 388246784),
(30650, 'EsspressoLab_5', 597169265),
(30876, 'GameCaffe007_1', 205700778),
(31651, 'Mreža_9', 649949451),
(32484, 'Anarchy_5', 776870164),
(32492, 'Dex_10', 388246784),
(32872, 'CaffeCyber_1', 176485870),
(33210, 'MeetingPoint_1', 473920565),
(33975, 'LSide_9', 616537866),
(34207, 'AllStar_7', 897063916),
(34616, 'EsspressoLab_8', 352772045),
(34925, 'AllStar_9', 264616476),
(35317, 'Metropolis_6', 602268103),
(35688, 'LSide_5', 616537866),
(35812, 'EsspressoLab_6', 352772045),
(35979, 'FrendlyFire_6', 169182940),
(37046, 'CaffeCyber_2', 976984843),
(37080, 'GameCaffe007_7', 205700778),
(37646, 'Metropolis_10', 602268103),
(37694, 'EsspressoLab_6', 597169265),
(38312, 'Metropolis_5', 602268103),
(38807, 'Mreža_5', 649949451),
(40290, 'Matrix_1', 352334133),
(40326, 'Matrix_10', 580000563),
(40526, 'Matrix_8', 580000563),
(40670, 'CaffeCyber_4', 176485870),
(41459, 'GameCaffe007_8', 205700778),
(41463, 'CaffeCyber_3', 176485870),
(42243, 'CaffeCyber_6', 176485870),
(42382, 'LSide_1', 616537866),
(42399, 'Kaffa_8', 585988724),
(42596, 'FrendlyFire_9', 169182940),
(42721, 'LSide_3', 616537866),
(44971, 'FrendlyFire_5', 169182940),
(46175, 'GameCity_1 ', 151528092),
(46273, 'AllStar_2', 971027170),
(46350, 'FrendlyFire_7', 169182940),
(46513, 'Matrix_4', 580000563),
(46622, 'GameCity_5', 151528092),
(46657, 'Matrix_5', 580000563),
(47320, 'Mreža_3', 649949451),
(47586, 'LSide_7', 907399502),
(48303, 'FrendlyFire_2', 169182940),
(48460, 'EsspressoLab_3', 352772045),
(48767, 'GameCaffe007_6', 205700778),
(48805, 'EsspressoLab_10', 352772045),
(49973, 'GameCity_7', 151528092),
(50657, 'AllStar_6', 264616476),
(50687, 'Anarchy_9', 776870164),
(51498, 'EsspressoLab_9', 352772045),
(51955, 'AllStar_7', 264616476),
(52351, 'EsspressoLab_9', 597169265),
(52370, 'EsspressoLab_1', 597169265),
(52512, 'AllStar_3', 971027170),
(52527, 'CaffeCyber_8', 976984843),
(52887, 'LSide_10', 907399502),
(52975, 'CaffeCyber_9', 176485870),
(54932, 'CaffeCyber_5', 976984843),
(55899, 'FrendlyFire_8', 169182940),
(56034, 'Matrix_9', 580000563),
(58116, 'LSide_6', 907399502),
(58673, 'MeetingPoint_6', 473920565),
(59355, 'CaffeCyber_9', 976984843),
(60312, 'Metropolis_4', 602268103),
(60547, 'EsspressoLab_3', 597169265),
(60629, 'Anarchy_6', 776870164),
(60959, 'FrendlyFire_10', 169182940),
(61108, 'AllStar_2', 264616476),
(61733, 'GameCity_2', 151528092),
(63348, 'Matrix_4', 352334133),
(63545, 'AllStar_5', 897063916),
(63670, 'MeetingPoint_9', 473920565),
(63790, 'Dex_3', 388246784),
(63999, 'Metropolis_7', 602268103),
(64575, 'FrendlyFire_3', 169182940),
(65614, 'MeetingPoint_2', 473920565),
(65863, 'LSide_9', 907399502),
(66365, 'Anarchy_2', 776870164),
(67233, 'MeetingPoint_5', 473920565),
(67591, 'CaffeCyber_4', 976984843),
(67661, 'GameCity_6', 151528092),
(67766, 'Dex_4', 388246784),
(68309, 'Kaffa_7', 585988724),
(68627, 'Kaffa_1', 585988724),
(69265, 'Dex_5', 388246784),
(69808, 'GameCity_8', 151528092),
(71159, 'Matrix_5', 352334133),
(71366, 'EsspressoLab_1', 352772045),
(72596, 'LSide_1', 907399502),
(72689, 'AllStar_10', 264616476),
(73959, 'CaffeCyber_2', 176485870),
(74760, 'LSide_4', 616537866),
(75258, 'Kaffa_5', 585988724),
(75287, 'LSide_8', 616537866),
(75324, 'Dex_2', 388246784),
(76626, 'Anarchy_1', 776870164),
(77350, 'Mreža_2', 649949451),
(77534, 'EsspressoLab_10', 597169265),
(77780, 'Dex_6', 388246784),
(77893, 'Matrix_3', 580000563),
(78046, 'AllStar_8', 971027170),
(79150, 'AllStar_3', 264616476),
(79898, 'GameCaffe007_5', 205700778),
(80761, 'AllStar_10', 971027170),
(80862, 'Matrix_7', 580000563),
(81873, 'LSide_10', 616537866),
(83107, 'Matrix_2', 580000563),
(83348, 'LSide_5', 907399502),
(84062, 'AllStar_2', 897063916),
(84475, 'Matrix_7', 352334133),
(84598, 'Matrix_1', 580000563),
(84781, 'LSide_7', 616537866),
(84809, 'Matrix_3', 352334133),
(85417, 'Mreža_6', 649949451),
(86038, 'Dex_7', 388246784),
(86211, 'AllStar_5', 264616476),
(86728, 'GameCaffe007_2', 205700778),
(86904, 'GameCity_4', 151528092),
(87348, 'AllStar_7', 971027170),
(87431, 'Matrix_10', 352334133),
(87863, 'EsspressoLab_2', 352772045),
(88497, 'EsspressoLab_4', 352772045),
(89099, 'CaffeCyber_5', 176485870),
(89415, 'CaffeCyber_6', 976984843),
(92426, 'Matrix_8', 352334133),
(92624, 'Dex_8', 388246784),
(92652, 'GameCaffe007_4', 205700778),
(93195, 'Metropolis_3', 602268103),
(93207, 'Kaffa_2', 585988724),
(93515, 'LSide_3', 907399502),
(93624, 'Metropolis_1', 602268103),
(94783, 'GameCaffe007_10', 205700778),
(95566, 'AllStar_6', 971027170),
(95711, 'Metropolis_2', 602268103),
(95832, 'AllStar_10', 897063916),
(95889, 'LSide_6', 616537866),
(96030, 'Kaffa_3', 585988724),
(96426, 'Matrix_6', 352334133),
(96880, 'Mreža_8', 649949451),
(96950, 'FrendlyFire_1', 169182940),
(97088, 'AllStar_6', 897063916),
(97113, 'Kaffa_4', 585988724),
(97132, 'MeetingPoint_8', 473920565),
(97520, 'LSide_4', 907399502),
(97823, 'AllStar_8', 264616476),
(98605, 'MeetingPoint_4', 473920565),
(99345, 'AllStar_1 ', 971027170),
(99694, 'Matrix_2', 352334133);

-- --------------------------------------------------------

--
-- Table structure for table `radnik`
--

CREATE TABLE `radnik` (
  `jmbg` varchar(13) NOT NULL,
  `ime` varchar(45) NOT NULL,
  `prezime` varchar(45) NOT NULL,
  `dat_zaposlenja` date NOT NULL,
  `plata` double NOT NULL,
  `mjesto_ptt` int(11) NOT NULL,
  `igraonica_reg_broj` int(11) NOT NULL,
  `administrator` tinyint(4) DEFAULT NULL
) ENGINE=InnoDB DEFAULT CHARSET=utf8;

--
-- RELATIONSHIPS FOR TABLE `radnik`:
--   `igraonica_reg_broj`
--       `igraonica` -> `reg_broj`
--   `mjesto_ptt`
--       `mjesto` -> `ptt`
--

--
-- Dumping data for table `radnik`
--

INSERT INTO `radnik` (`jmbg`, `ime`, `prezime`, `dat_zaposlenja`, `plata`, `mjesto_ptt`, `igraonica_reg_broj`, `administrator`) VALUES
('0207989863669', 'Đorđe', 'Marjanović', '2018-03-14', 360, 70273, 907399502, 0),
('0303002887756', 'Milica', 'Krstić', '2020-04-27', 350, 76256, 897063916, 0),
('0304993745743', 'Mia', 'Jović', '2018-10-25', 350, 75440, 616537866, 0),
('0305995693425', 'Dejam', 'Bošković', '2020-02-25', 410, 74480, 907399502, 1),
('0308984556576', 'David', 'Veljković', '2018-09-16', 450, 79290, 976984843, 0),
('0308989657384', 'Kalina', 'Nedeljković', '2019-04-04', 380, 79263, 971027170, 0),
('0308993957663', 'Nikolina', 'Lazić', '2017-07-11', 390, 74450, 597169265, 0),
('0308995687894', 'Sava', 'Đurđević', '2016-03-07', 410, 74400, 205700778, 1),
('0404997834826', 'Đurđa', 'Petrović', '2020-04-27', 410, 78220, 264616476, 0),
('0503003453749', 'Pavle', 'Vuković', '2015-07-07', 390, 88280, 976984843, 0),
('0504997866775', 'Marko', 'Perić', '2017-02-10', 430, 70206, 205700778, 0),
('0505985953887', 'Mateja', 'Jakovljević', '2017-10-01', 430, 78420, 776870164, 0),
('0505993228883', 'Nikola', 'Milanović', '2020-09-23', 410, 73280, 473920565, 0),
('0602982242254', 'Kristina', 'Gajić', '2018-12-09', 400, 71350, 352334133, 0),
('0602996676272', 'Kosta', 'Babić', '2016-03-17', 380, 78230, 602268103, 0),
('0603007223363', 'Bogdan', 'Pešić', '2016-12-17', 370, 73220, 264616476, 0),
('0603998942897', 'Mina', 'Popović', '2017-05-08', 380, 70270, 602268103, 0),
('0604988958678', 'Staša', 'Živanović', '2017-02-03', 380, 79224, 176485870, 0),
('0606999374997', 'Anđela', 'Aleksić', '2016-05-08', 390, 74317, 352334133, 0),
('0607005257492', 'Petra', 'Kovačević', '2017-06-16', 430, 75240, 388246784, 0),
('0608003644935', 'Teodora', 'Ristić', '2017-10-10', 430, 79290, 907399502, 0),
('0702985474665', 'Stefan', 'Blagojević', '2020-10-09', 350, 89101, 169182940, 0),
('0706005549746', 'Vukašin', 'Jevtić', '2020-01-22', 410, 88280, 649949451, 0),
('0707987883672', 'Anđelija', 'Bogdanović', '2017-10-21', 380, 71216, 352772045, 0),
('0802996973544', 'Mateo', 'Radivojević', '2018-05-16', 440, 75406, 776870164, 1),
('0904986823772', 'Ilija', 'Miljković', '2018-04-17', 410, 76273, 597169265, 1),
('0906002937592', 'Sofija', 'Janković', '2019-10-03', 430, 78400, 205700778, 0),
('0908903357493', 'Lenka', 'Filipović', '2016-12-02', 350, 74208, 585988724, 0),
('0908996778687', 'Nika', 'Đorđević', '2019-02-11', 360, 78250, 473920565, 0),
('1202005955724', 'Aleksa', 'Tasić', '2015-07-30', 410, 73240, 971027170, 0),
('1202007893993', 'Viktor', 'Đokić', '2019-10-28', 430, 88363, 776870164, 0),
('1204998367969', 'Boško', 'Trifunović', '2017-08-02', 390, 74317, 616537866, 1),
('1206999369654', 'Strahinja', 'Ćirić', '2017-07-20', 430, 70260, 151528092, 0),
('1207985628345', 'Aleksej', 'Miletić', '2018-10-27', 380, 76101, 585988724, 1),
('1208986434329', 'Luka', 'Mitić', '2019-06-30', 380, 71360, 205700778, 0),
('1209992863637', 'Danilo', 'Nešić', '2019-12-16', 410, 74101, 602268103, 1),
('1302996283892', 'Dušan', 'Vučković', '2019-11-11', 400, 78240, 580000563, 0),
('1303002795778', 'Vuk', 'Antić', '2020-11-15', 390, 89230, 907399502, 0),
('1303004883534', 'Maša', 'Ivanović', '2019-10-28', 400, 76273, 264616476, 0),
('1304998987974', 'Miljan', 'Stamenković', '2020-03-28', 450, 75440, 176485870, 1),
('1305993796956', 'Anja', 'Radovanović', '2020-06-04', 420, 75400, 205700778, 0),
('1308984539233', 'Lana', 'Novaković', '2018-05-14', 430, 71123, 585988724, 0),
('1309999366448', 'Aleksandra', 'Jovanović', '2019-11-11', 470, 78101, 897063916, 0),
('1405004324939', 'Dunja', 'Todorović', '2018-05-06', 430, 78420, 151528092, 0),
('1407998238287', 'Mihajlo', 'Zdravković', '2018-06-05', 350, 78101, 352772045, 0),
('1408982668983', 'Marija', 'Simić', '2020-08-19', 350, 79227, 897063916, 0),
('1503995774786', 'Zoran', 'Đukić', '2020-07-07', 380, 75420, 388246784, 1),
('1506984856423', 'Jakov', 'Tošić', '2020-10-20', 440, 79291, 176485870, 0),
('1506996264943', 'Srna', 'Pavlović', '2015-11-11', 370, 70206, 352772045, 0),
('1508006333667', 'Tara', 'Dimitrijević', '2018-01-24', 400, 76101, 976984843, 0),
('1606982799295', 'Iva', 'Knežević', '2016-11-13', 430, 71144, 597169265, 0),
('1608982859897', 'Aleksandar', 'Maksimović', '2019-01-01', 410, 79288, 616537866, 0),
('1609987475762', 'Veljko', 'Veličković', '2015-11-09', 360, 76230, 473920565, 1),
('1803002659533', 'Lena', 'Kostić', '2016-01-07', 410, 79291, 616537866, 0),
('1804999496288', 'Ivan', 'Urošević', '2019-04-13', 400, 74470, 169182940, 1),
('1805998698827', 'Nađa', 'Petković', '2018-09-25', 430, 74470, 602268103, 0),
('1807985453495', 'Elena', 'Milosavljević', '2017-02-09', 350, 79101, 388246784, 0),
('1808997689277', 'Ema', 'Nikolić', '2018-12-20', 410, 78230, 971027170, 0),
('1809001466256', 'Irina', 'Stojanović', '2016-11-18', 400, 70273, 580000563, 0),
('1902983458767', 'Maksim', 'Gavrilović', '2019-02-12', 360, 78430, 388246784, 0),
('1903999799653', 'Katarina', 'Stevanović', '2017-12-08', 400, 75446, 649949451, 0),
('1906002559735', 'Vasilije', 'Rakić', '2015-04-06', 380, 73301, 176485870, 0),
('1909995995942', 'Una', 'Savić', '2016-10-28', 380, 74270, 473920565, 0),
('2202997375976', 'Ognjen', 'Grujić', '2015-04-20', 350, 78220, 597169265, 0),
('2204992448386', 'Vanja', 'Marković', '2020-01-26', 420, 70260, 597169265, 0),
('2204999355638', 'Iskra', 'Vasić', '2015-01-24', 370, 75420, 169182940, 0),
('2207009329525', 'Uroš', 'Stanojević', '2018-11-12', 350, 73110, 897063916, 0),
('2208002735285', 'Filip', 'Vasiljević', '2018-12-20', 440, 89240, 616537866, 0),
('2305985349388', 'Konstantin', 'Ivković', '2018-01-11', 400, 76330, 264616476, 1),
('2309995838534', 'Danica', 'Lazarević', '2020-02-03', 360, 75406, 151528092, 0),
('2402986276576', 'Hana', 'Đurić', '2015-07-21', 410, 79240, 264616476, 0),
('2402994965854', 'Anastasija', 'Obradović', '2020-07-15', 360, 74480, 580000563, 0),
('2403996895824', 'Petar', 'Milić', '2019-05-21', 430, 73260, 585988724, 0),
('2403997453975', 'Goran', 'Milutinović', '2020-07-25', 370, 75430, 976984843, 1),
('2404989898268', 'Lazar', 'Stefanović', '2016-02-04', 360, 71420, 151528092, 0),
('2409001744747', 'Helena', 'Lukić', '2017-02-28', 420, 74101, 971027170, 0),
('2504996886232', 'Jana', 'Mitrović', '2019-11-29', 440, 74400, 352772045, 0),
('2508000477954', 'Sara', 'Stanković', '2018-04-19', 350, 78430, 169182940, 0),
('2602983634876', 'Jovana', 'Marinković', '2016-11-09', 370, 71126, 473920565, 0),
('2602987857769', 'Miloš', 'Radović', '2019-10-12', 450, 76256, 352772045, 1),
('2603996636845', 'Slobodan', 'Božić', '2020-06-25', 370, 75400, 649949451, 1),
('2604001723962', 'Nina', 'Tomić', '2018-12-02', 410, 76230, 176485870, 0),
('2605997435234', 'Damjan', 'Radulović', '2019-12-20', 400, 74270, 352334133, 1),
('2606027525545', 'Andrej', 'Stojković', '2019-07-24', 390, 88380, 388246784, 0),
('2606983362256', 'Nemanja', 'Trajković', '2018-11-02', 420, 76300, 897063916, 1),
('2609992772277', 'Isidora', 'Ilić', '2016-08-01', 380, 78240, 585988724, 0),
('2702000868443', 'Ana', 'Milošević', '2016-10-09', 360, 76300, 649949451, 0),
('2705986469269', 'Vukan', 'Paunović', '2018-02-28', 440, 70270, 169182940, 0),
('2705998384567', 'Milan', 'Jeremić', '2015-05-19', 420, 74208, 580000563, 1),
('2706000927653', 'Minja', 'Živković', '2019-09-16', 380, 79288, 352334133, 0),
('2708996624299', 'Andrea', 'Milenković', '2017-04-25', 350, 75450, 776870164, 0),
('2802986392274', 'Magdalena', 'Radosavljević', '2015-10-08', 360, 71220, 602268103, 0),
('2906987533538', 'Teodor', 'Anđelković', '2015-04-20', 440, 78400, 649949451, 0),
('2906996954466', 'Jovam', 'Matić', '2015-02-04', 430, 78250, 352334133, 0),
('3003985263375', 'Sergej', 'Arsić', '2018-04-20', 350, 75240, 971027170, 1),
('3007985288598', 'Lara', 'Mihajlović', '2016-04-05', 420, 71230, 580000563, 0),
('3103006379647', 'Mila', 'Cvetković', '2017-06-19', 370, 76330, 776870164, 0),
('3103994325852', 'Emilija', 'Milovanović', '2015-02-12', 350, 75430, 907399502, 0),
('3104996774582', 'Arsenije', 'Milojević', '2018-07-25', 370, 74450, 151528092, 1),
('3207983723353', 'Natalija', 'Mladenović', '2019-07-25', 410, 79220, 976984843, 0);

-- --------------------------------------------------------

--
-- Table structure for table `usluga`
--

CREATE TABLE `usluga` (
  `idusluga` int(11) NOT NULL,
  `vrsta` varchar(45) NOT NULL,
  `cijena_po_satu` varchar(45) NOT NULL
) ENGINE=InnoDB DEFAULT CHARSET=utf8;

--
-- RELATIONSHIPS FOR TABLE `usluga`:
--

--
-- Indexes for dumped tables
--

--
-- Indexes for table `igra`
--
ALTER TABLE `igra`
  ADD KEY `fk_igrica_has_igrac_igrac1_idx` (`igrac_idigrac`),
  ADD KEY `fk_igrica_has_igrac_igrica1_idx` (`igrica_idigrica`);

--
-- Indexes for table `igrac`
--
ALTER TABLE `igrac`
  ADD PRIMARY KEY (`idigrac`);

--
-- Indexes for table `igraonica`
--
ALTER TABLE `igraonica`
  ADD PRIMARY KEY (`reg_broj`),
  ADD KEY `fk_igraonica_mjesto_ptt_idx` (`mjesto_ptt`);

--
-- Indexes for table `igrica`
--
ALTER TABLE `igrica`
  ADD PRIMARY KEY (`idigrica`);

--
-- Indexes for table `instalirano`
--
ALTER TABLE `instalirano`
  ADD KEY `fk_racunar_has_igrica_igrica1_idx` (`igrica_idigrica`),
  ADD KEY `fk_racunar_has_igrica_racunar1_idx` (`racunar_broj_racunara`);

--
-- Indexes for table `komponenta`
--
ALTER TABLE `komponenta`
  ADD PRIMARY KEY (`idkomponenta`),
  ADD KEY `fk_komponenta_racunar_idracunara_idx` (`racunar_idracunara`);

--
-- Indexes for table `mjesto`
--
ALTER TABLE `mjesto`
  ADD PRIMARY KEY (`ptt`);

--
-- Indexes for table `racun`
--
ALTER TABLE `racun`
  ADD PRIMARY KEY (`idracun`),
  ADD KEY `fk_racun_usluga_idusluge_idx` (`usluga_idusluge`),
  ADD KEY `fk_racun_radnik_idradnika_idx` (`radnik_idradnika`),
  ADD KEY `fk_racun_igrac_idigraca_idx` (`igrac_idigrac`);

--
-- Indexes for table `racunar`
--
ALTER TABLE `racunar`
  ADD PRIMARY KEY (`broj_racunara`),
  ADD KEY `fk_racunar_igraonica_reg_broj_idx` (`igraonica_reg_broj`);

--
-- Indexes for table `radnik`
--
ALTER TABLE `radnik`
  ADD PRIMARY KEY (`jmbg`),
  ADD KEY `fk_radnik_mjesto_ptt_idx` (`mjesto_ptt`),
  ADD KEY `fk_radnik_igraonica_reg_broj_idx` (`igraonica_reg_broj`);

--
-- Indexes for table `usluga`
--
ALTER TABLE `usluga`
  ADD PRIMARY KEY (`idusluga`);

--
-- Constraints for dumped tables
--

--
-- Constraints for table `igra`
--
ALTER TABLE `igra`
  ADD CONSTRAINT `fk_igrica_has_igrac_igrac1` FOREIGN KEY (`igrac_idigrac`) REFERENCES `igrac` (`idigrac`) ON UPDATE CASCADE,
  ADD CONSTRAINT `fk_igrica_has_igrac_igrica1` FOREIGN KEY (`igrica_idigrica`) REFERENCES `igrica` (`idigrica`) ON UPDATE CASCADE;

--
-- Constraints for table `igraonica`
--
ALTER TABLE `igraonica`
  ADD CONSTRAINT `fk_igraonica_mjesto_ptt` FOREIGN KEY (`mjesto_ptt`) REFERENCES `mjesto` (`ptt`) ON UPDATE CASCADE;

--
-- Constraints for table `instalirano`
--
ALTER TABLE `instalirano`
  ADD CONSTRAINT `fk_racunar_has_igrica_igrica1` FOREIGN KEY (`igrica_idigrica`) REFERENCES `igrica` (`idigrica`) ON UPDATE CASCADE,
  ADD CONSTRAINT `fk_racunar_has_igrica_racunar1` FOREIGN KEY (`racunar_broj_racunara`) REFERENCES `racunar` (`broj_racunara`) ON UPDATE CASCADE;

--
-- Constraints for table `komponenta`
--
ALTER TABLE `komponenta`
  ADD CONSTRAINT `fk_komponenta_racunar_idracunara` FOREIGN KEY (`racunar_idracunara`) REFERENCES `racunar` (`broj_racunara`) ON UPDATE CASCADE;

--
-- Constraints for table `racun`
--
ALTER TABLE `racun`
  ADD CONSTRAINT `fk_racun_igrac_idigraca` FOREIGN KEY (`igrac_idigrac`) REFERENCES `igrac` (`idigrac`) ON UPDATE CASCADE,
  ADD CONSTRAINT `fk_racun_radnik_idradnika` FOREIGN KEY (`radnik_idradnika`) REFERENCES `radnik` (`jmbg`) ON UPDATE CASCADE,
  ADD CONSTRAINT `fk_racun_usluga_idusluge` FOREIGN KEY (`usluga_idusluge`) REFERENCES `usluga` (`idusluga`) ON UPDATE CASCADE;

--
-- Constraints for table `racunar`
--
ALTER TABLE `racunar`
  ADD CONSTRAINT `fk_racunar_igraonica_reg_broj` FOREIGN KEY (`igraonica_reg_broj`) REFERENCES `igraonica` (`reg_broj`) ON UPDATE CASCADE;

--
-- Constraints for table `radnik`
--
ALTER TABLE `radnik`
  ADD CONSTRAINT `fk_radnik_igraonica_reg_broj` FOREIGN KEY (`igraonica_reg_broj`) REFERENCES `igraonica` (`reg_broj`) ON UPDATE CASCADE,
  ADD CONSTRAINT `fk_radnik_mjesto_ptt` FOREIGN KEY (`mjesto_ptt`) REFERENCES `mjesto` (`ptt`) ON UPDATE CASCADE;
COMMIT;

/*!40101 SET CHARACTER_SET_CLIENT=@OLD_CHARACTER_SET_CLIENT */;
/*!40101 SET CHARACTER_SET_RESULTS=@OLD_CHARACTER_SET_RESULTS */;
/*!40101 SET COLLATION_CONNECTION=@OLD_COLLATION_CONNECTION */;
